fecha,pais,id_campaña,canal,gasto
2025-01-01,MEXICO,ORGANIC_MEXICO,ORGANIC,2446.25
2025-01-01,MEXICO,PAID_SEARCH_MEXICO,PAID_SEARCH,2704.34
2025-01-01,MEXICO,SOCIAL_MEXICO,SOCIAL,2045.01
2025-01-01,COLOMBIA,ORGANIC_COLOMBIA,ORGANIC,2597.21
2025-01-01,COLOMBIA,PAID_SEARCH_COLOMBIA,PAID_SEARCH,1771.4
2025-01-01,COLOMBIA,SOCIAL_COLOMBIA,SOCIAL,833.38
2025-01-01,ARGENTINA,ORGANIC_ARGENTINA,ORGANIC,1365.62
2025-01-01,ARGENTINA,PAID_SEARCH_ARGENTINA,PAID_SEARCH,1282.65
2025-01-01,ARGENTINA,SOCIAL_ARGENTINA,SOCIAL,1534.69
2025-01-02,MEXICO,ORGANIC_MEXICO,ORGANIC,2537.38
2025-01-02,MEXICO,PAID_SEARCH_MEXICO,PAID_SEARCH,1689.07
2025-01-02,MEXICO,SOCIAL_MEXICO,SOCIAL,2413.74
2025-01-02,COLOMBIA,ORGANIC_COLOMBIA,ORGANIC,1020.04
2025-01-02,COLOMBIA,PAID_SEARCH_COLOMBIA,PAID_SEARCH,1573.18
2025-01-02,COLOMBIA,SOCIAL_COLOMBIA,SOCIAL,726.68
2025-01-02,ARGENTINA,ORGANIC_ARGENTINA,ORGANIC,2295.15
2025-01-02,ARGENTINA,PAID_SEARCH_ARGENTINA,PAID_SEARCH,2114.02
2025-01-02,ARGENTINA,SOCIAL_ARGENTINA,SOCIAL,1020.97
2025-01-03,MEXICO,ORGANIC_MEXICO,ORGANIC,607.52
2025-01-03,MEXICO,PAID_SEARCH_MEXICO,PAID_SEARCH,690.46
2025-01-03,MEXICO,SOCIAL_MEXICO,SOCIAL,2875.31
2025-01-03,COLOMBIA,ORGANIC_COLOMBIA,ORGANIC,695.69
2025-01-03,COLOMBIA,PAID_SEARCH_COLOMBIA,PAID_SEARCH,603.17
2025-01-03,COLOMBIA,SOCIAL_COLOMBIA,SOCIAL,1055.99
2025-01-03,ARGENTINA,ORGANIC_ARGENTINA,ORGANIC,2303.86
2025-01-03,ARGENTINA,PAID_SEARCH_ARGENTINA,PAID_SEARCH,682.52
2025-01-03,ARGENTINA,SOCIAL_ARGENTINA,SOCIAL,1483.57
2025-01-04,MEXICO,ORGANIC_MEXICO,ORGANIC,1451.23
2025-01-04,MEXICO,PAID_SEARCH_MEXICO,PAID_SEARCH,2001.64
2025-01-04,MEXICO,SOCIAL_MEXICO,SOCIAL,1504.53
2025-01-04,COLOMBIA,ORGANIC_COLOMBIA,ORGANIC,1743.33
2025-01-04,COLOMBIA,PAID_SEARCH_COLOMBIA,PAID_SEARCH,2167.46
2025-01-04,COLOMBIA,SOCIAL_COLOMBIA,SOCIAL,2524.27
2025-01-04,ARGENTINA,ORGANIC_ARGENTINA,ORGANIC,1056.76
2025-01-04,ARGENTINA,PAID_SEARCH_ARGENTINA,PAID_SEARCH,1025.27
2025-01-04,ARGENTINA,SOCIAL_ARGENTINA,SOCIAL,964.01
2025-01-05,MEXICO,ORGANIC_MEXICO,ORGANIC,551.18
2025-01-05,MEXICO,PAID_SEARCH_MEXICO,PAID_SEARCH,1023.54
2025-01-05,MEXICO,SOCIAL_MEXICO,SOCIAL,2337.62
2025-01-05,COLOMBIA,ORGANIC_COLOMBIA,ORGANIC,2082.49
2025-01-05,COLOMBIA,PAID_SEARCH_COLOMBIA,PAID_SEARCH,2519.19
2025-01-05,COLOMBIA,SOCIAL_COLOMBIA,SOCIAL,1297.61
2025-01-05,ARGENTINA,ORGANIC_ARGENTINA,ORGANIC,2733.78
2025-01-05,ARGENTINA,PAID_SEARCH_ARGENTINA,PAID_SEARCH,727.99
2025-01-05,ARGENTINA,SOCIAL_ARGENTINA,SOCIAL,765.51
2025-01-06,MEXICO,ORGANIC_MEXICO,ORGANIC,1258.58
2025-01-06,MEXICO,PAID_SEARCH_MEXICO,PAID_SEARCH,2832.68
2025-01-06,MEXICO,SOCIAL_MEXICO,SOCIAL,2255.35
2025-01-06,COLOMBIA,ORGANIC_COLOMBIA,ORGANIC,1963.21
2025-01-06,COLOMBIA,PAID_SEARCH_COLOMBIA,PAID_SEARCH,2722.75
2025-01-06,COLOMBIA,SOCIAL_COLOMBIA,SOCIAL,2865.75
2025-01-06,ARGENTINA,ORGANIC_ARGENTINA,ORGANIC,2356.84
2025-01-06,ARGENTINA,PAID_SEARCH_ARGENTINA,PAID_SEARCH,1572.76
2025-01-06,ARGENTINA,SOCIAL_ARGENTINA,SOCIAL,532.18
2025-01-07,MEXICO,ORGANIC_MEXICO,ORGANIC,2515.54
2025-01-07,MEXICO,PAID_SEARCH_MEXICO,PAID_SEARCH,1133.93
2025-01-07,MEXICO,SOCIAL_MEXICO,SOCIAL,1994.01
2025-01-07,COLOMBIA,ORGANIC_COLOMBIA,ORGANIC,1869.52
2025-01-07,COLOMBIA,PAID_SEARCH_COLOMBIA,PAID_SEARCH,1959.43
2025-01-07,COLOMBIA,SOCIAL_COLOMBIA,SOCIAL,2239.17
2025-01-07,ARGENTINA,ORGANIC_ARGENTINA,ORGANIC,1682.92
2025-01-07,ARGENTINA,PAID_SEARCH_ARGENTINA,PAID_SEARCH,2181.47
2025-01-07,ARGENTINA,SOCIAL_ARGENTINA,SOCIAL,1265.21
2025-01-08,MEXICO,ORGANIC_MEXICO,ORGANIC,2879.73
2025-01-08,MEXICO,PAID_SEARCH_MEXICO,PAID_SEARCH,1003.16
2025-01-08,MEXICO,SOCIAL_MEXICO,SOCIAL,1147.28
2025-01-08,COLOMBIA,ORGANIC_COLOMBIA,ORGANIC,2297.81
2025-01-08,COLOMBIA,PAID_SEARCH_COLOMBIA,PAID_SEARCH,1949.01
2025-01-08,COLOMBIA,SOCIAL_COLOMBIA,SOCIAL,2038.05
2025-01-08,ARGENTINA,ORGANIC_ARGENTINA,ORGANIC,1725.48
2025-01-08,ARGENTINA,PAID_SEARCH_ARGENTINA,PAID_SEARCH,2558.56
2025-01-08,ARGENTINA,SOCIAL_ARGENTINA,SOCIAL,2136.17
2025-01-09,MEXICO,ORGANIC_MEXICO,ORGANIC,2649.2
2025-01-09,MEXICO,PAID_SEARCH_MEXICO,PAID_SEARCH,1993.03
2025-01-09,MEXICO,SOCIAL_MEXICO,SOCIAL,2144.51
2025-01-09,COLOMBIA,ORGANIC_COLOMBIA,ORGANIC,1560.15
2025-01-09,COLOMBIA,PAID_SEARCH_COLOMBIA,PAID_SEARCH,1114.57
2025-01-09,COLOMBIA,SOCIAL_COLOMBIA,SOCIAL,935.34
2025-01-09,ARGENTINA,ORGANIC_ARGENTINA,ORGANIC,2418.51
2025-01-09,ARGENTINA,PAID_SEARCH_ARGENTINA,PAID_SEARCH,2456.48
2025-01-09,ARGENTINA,SOCIAL_ARGENTINA,SOCIAL,1398.62
2025-01-10,MEXICO,ORGANIC_MEXICO,ORGANIC,2468.1
2025-01-10,MEXICO,PAID_SEARCH_MEXICO,PAID_SEARCH,2625.72
2025-01-10,MEXICO,SOCIAL_MEXICO,SOCIAL,2722.09
2025-01-10,COLOMBIA,ORGANIC_COLOMBIA,ORGANIC,1891.16
2025-01-10,COLOMBIA,PAID_SEARCH_COLOMBIA,PAID_SEARCH,2563.75
2025-01-10,COLOMBIA,SOCIAL_COLOMBIA,SOCIAL,2625.36
2025-01-10,ARGENTINA,ORGANIC_ARGENTINA,ORGANIC,2169.85
2025-01-10,ARGENTINA,PAID_SEARCH_ARGENTINA,PAID_SEARCH,2767.74
2025-01-10,ARGENTINA,SOCIAL_ARGENTINA,SOCIAL,799.02
2025-01-11,MEXICO,ORGANIC_MEXICO,ORGANIC,2383.14
2025-01-11,MEXICO,PAID_SEARCH_MEXICO,PAID_SEARCH,2096.82
2025-01-11,MEXICO,SOCIAL_MEXICO,SOCIAL,2459.36
2025-01-11,COLOMBIA,ORGANIC_COLOMBIA,ORGANIC,683.97
2025-01-11,COLOMBIA,PAID_SEARCH_COLOMBIA,PAID_SEARCH,1555.56
2025-01-11,COLOMBIA,SOCIAL_COLOMBIA,SOCIAL,2210.19
2025-01-11,ARGENTINA,ORGANIC_ARGENTINA,ORGANIC,1321.93
2025-01-11,ARGENTINA,PAID_SEARCH_ARGENTINA,PAID_SEARCH,1734.96
2025-01-11,ARGENTINA,SOCIAL_ARGENTINA,DESCONOCIDO,849.7
2025-01-12,MEXICO,ORGANIC_MEXICO,DESCONOCIDO,2033.56
2025-01-12,MEXICO,PAID_SEARCH_MEXICO,DESCONOCIDO,1260.65
2025-01-12,MEXICO,SOCIAL_MEXICO,DESCONOCIDO,1660.9
2025-01-12,COLOMBIA,ORGANIC_COLOMBIA,DESCONOCIDO,1819.27
2025-01-12,COLOMBIA,PAID_SEARCH_COLOMBIA,DESCONOCIDO,1583.33
2025-01-12,COLOMBIA,SOCIAL_COLOMBIA,DESCONOCIDO,712.64
2025-01-12,ARGENTINA,ORGANIC_ARGENTINA,DESCONOCIDO,1860.4
2025-01-12,ARGENTINA,PAID_SEARCH_ARGENTINA,DESCONOCIDO,885.06
2025-01-12,ARGENTINA,SOCIAL_ARGENTINA,DESCONOCIDO,2253.77
2025-01-13,MEXICO,ORGANIC_MEXICO,DESCONOCIDO,2830.76
2025-01-13,MEXICO,PAID_SEARCH_MEXICO,DESCONOCIDO,2797.38
2025-01-13,MEXICO,SOCIAL_MEXICO,DESCONOCIDO,1701.42
2025-01-13,COLOMBIA,ORGANIC_COLOMBIA,DESCONOCIDO,1883.89
2025-01-13,COLOMBIA,PAID_SEARCH_COLOMBIA,DESCONOCIDO,1151.34
2025-01-13,COLOMBIA,SOCIAL_COLOMBIA,DESCONOCIDO,2261.13
2025-01-13,ARGENTINA,ORGANIC_ARGENTINA,DESCONOCIDO,833.13
2025-01-13,ARGENTINA,PAID_SEARCH_ARGENTINA,DESCONOCIDO,2961.96
2025-01-13,ARGENTINA,SOCIAL_ARGENTINA,DESCONOCIDO,2797.14
2025-01-14,MEXICO,ORGANIC_MEXICO,DESCONOCIDO,2201.4
2025-01-14,MEXICO,PAID_SEARCH_MEXICO,DESCONOCIDO,2892.28
2025-01-14,MEXICO,SOCIAL_MEXICO,DESCONOCIDO,608.76
2025-01-14,COLOMBIA,ORGANIC_COLOMBIA,DESCONOCIDO,505.28
2025-01-14,COLOMBIA,PAID_SEARCH_COLOMBIA,DESCONOCIDO,963.54
2025-01-14,COLOMBIA,SOCIAL_COLOMBIA,DESCONOCIDO,2847.73
2025-01-14,ARGENTINA,ORGANIC_ARGENTINA,DESCONOCIDO,1095.33
2025-01-14,ARGENTINA,PAID_SEARCH_ARGENTINA,DESCONOCIDO,2189.47
2025-01-14,ARGENTINA,SOCIAL_ARGENTINA,DESCONOCIDO,2631.69
2025-01-15,MEXICO,ORGANIC_MEXICO,DESCONOCIDO,1167.14
2025-01-15,MEXICO,PAID_SEARCH_MEXICO,DESCONOCIDO,2823.15
2025-01-15,MEXICO,SOCIAL_MEXICO,DESCONOCIDO,1084.78
2025-01-15,COLOMBIA,ORGANIC_COLOMBIA,DESCONOCIDO,667.39
2025-01-15,COLOMBIA,PAID_SEARCH_COLOMBIA,DESCONOCIDO,1128.85
2025-01-15,COLOMBIA,SOCIAL_COLOMBIA,DESCONOCIDO,1679.7
2025-01-15,ARGENTINA,ORGANIC_ARGENTINA,DESCONOCIDO,747.9
2025-01-15,ARGENTINA,PAID_SEARCH_ARGENTINA,DESCONOCIDO,1540.62
2025-01-15,ARGENTINA,SOCIAL_ARGENTINA,DESCONOCIDO,1384.05
2025-01-16,MEXICO,ORGANIC_MEXICO,DESCONOCIDO,2585.86
2025-01-16,MEXICO,PAID_SEARCH_MEXICO,DESCONOCIDO,1456.54
2025-01-16,MEXICO,SOCIAL_MEXICO,DESCONOCIDO,1240.29
2025-01-16,COLOMBIA,ORGANIC_COLOMBIA,DESCONOCIDO,675.53
2025-01-16,COLOMBIA,PAID_SEARCH_COLOMBIA,DESCONOCIDO,2648.43
2025-01-16,COLOMBIA,SOCIAL_COLOMBIA,DESCONOCIDO,2774.72
2025-01-16,ARGENTINA,ORGANIC_ARGENTINA,DESCONOCIDO,1877.06
2025-01-16,ARGENTINA,PAID_SEARCH_ARGENTINA,DESCONOCIDO,1547.25
2025-01-16,ARGENTINA,SOCIAL_ARGENTINA,DESCONOCIDO,1516.37
2025-01-17,MEXICO,ORGANIC_MEXICO,DESCONOCIDO,2051.66
2025-01-17,MEXICO,PAID_SEARCH_MEXICO,DESCONOCIDO,2085.11
2025-01-17,MEXICO,SOCIAL_MEXICO,DESCONOCIDO,538.06
2025-01-17,COLOMBIA,ORGANIC_COLOMBIA,DESCONOCIDO,1865.64
2025-01-17,COLOMBIA,PAID_SEARCH_COLOMBIA,DESCONOCIDO,1563.39
2025-01-17,COLOMBIA,SOCIAL_COLOMBIA,DESCONOCIDO,1676.54
2025-01-17,ARGENTINA,ORGANIC_ARGENTINA,DESCONOCIDO,1288.03
2025-01-17,ARGENTINA,PAID_SEARCH_ARGENTINA,DESCONOCIDO,2395.4
2025-01-17,ARGENTINA,SOCIAL_ARGENTINA,DESCONOCIDO,2998.3
2025-01-18,MEXICO,ORGANIC_MEXICO,DESCONOCIDO,2406.04
2025-01-18,MEXICO,PAID_SEARCH_MEXICO,DESCONOCIDO,1528.64
2025-01-18,MEXICO,SOCIAL_MEXICO,DESCONOCIDO,573.56
2025-01-18,COLOMBIA,ORGANIC_COLOMBIA,DESCONOCIDO,2465.84
2025-01-18,COLOMBIA,PAID_SEARCH_COLOMBIA,DESCONOCIDO,516.71
2025-01-18,COLOMBIA,SOCIAL_COLOMBIA,DESCONOCIDO,2177.01
2025-01-18,ARGENTINA,ORGANIC_ARGENTINA,DESCONOCIDO,2078.19
2025-01-18,ARGENTINA,PAID_SEARCH_ARGENTINA,DESCONOCIDO,1847.66
2025-01-18,ARGENTINA,SOCIAL_ARGENTINA,DESCONOCIDO,1781.79
2025-01-19,MEXICO,ORGANIC_MEXICO,DESCONOCIDO,1694.42
2025-01-19,MEXICO,PAID_SEARCH_MEXICO,DESCONOCIDO,1673.86
2025-01-19,MEXICO,SOCIAL_MEXICO,DESCONOCIDO,1019.59
2025-01-19,COLOMBIA,ORGANIC_COLOMBIA,DESCONOCIDO,1997.42
2025-01-19,COLOMBIA,PAID_SEARCH_COLOMBIA,DESCONOCIDO,2775.67
2025-01-19,COLOMBIA,SOCIAL_COLOMBIA,DESCONOCIDO,524.35
2025-01-19,ARGENTINA,ORGANIC_ARGENTINA,DESCONOCIDO,2955.37
2025-01-19,ARGENTINA,PAID_SEARCH_ARGENTINA,DESCONOCIDO,808.1
2025-01-19,ARGENTINA,SOCIAL_ARGENTINA,DESCONOCIDO,2916.82
2025-01-20,MEXICO,ORGANIC_MEXICO,DESCONOCIDO,547.62
2025-01-20,MEXICO,PAID_SEARCH_MEXICO,DESCONOCIDO,1829.4
2025-01-20,MEXICO,SOCIAL_MEXICO,DESCONOCIDO,1623.59
2025-01-20,COLOMBIA,ORGANIC_COLOMBIA,DESCONOCIDO,2560.31
2025-01-20,COLOMBIA,PAID_SEARCH_COLOMBIA,DESCONOCIDO,2147.63
2025-01-20,COLOMBIA,SOCIAL_COLOMBIA,DESCONOCIDO,1741.74
2025-01-20,ARGENTINA,ORGANIC_ARGENTINA,DESCONOCIDO,1400.26
2025-01-20,ARGENTINA,PAID_SEARCH_ARGENTINA,DESCONOCIDO,1460.45
2025-01-20,ARGENTINA,SOCIAL_ARGENTINA,DESCONOCIDO,1624.49
2025-01-21,MEXICO,ORGANIC_MEXICO,DESCONOCIDO,2317.14
2025-01-21,MEXICO,PAID_SEARCH_MEXICO,DESCONOCIDO,1879.56
2025-01-21,MEXICO,SOCIAL_MEXICO,DESCONOCIDO,2676.76
2025-01-21,COLOMBIA,ORGANIC_COLOMBIA,DESCONOCIDO,824.07
2025-01-21,COLOMBIA,PAID_SEARCH_COLOMBIA,DESCONOCIDO,1245.46
2025-01-21,COLOMBIA,SOCIAL_COLOMBIA,DESCONOCIDO,1819.7
2025-01-21,ARGENTINA,ORGANIC_ARGENTINA,DESCONOCIDO,807.86
2025-01-21,ARGENTINA,PAID_SEARCH_ARGENTINA,DESCONOCIDO,2913.81
2025-01-21,ARGENTINA,SOCIAL_ARGENTINA,DESCONOCIDO,1474.39
2025-01-22,MEXICO,ORGANIC_MEXICO,DESCONOCIDO,2244.54
2025-01-22,MEXICO,PAID_SEARCH_MEXICO,DESCONOCIDO,2421.21
2025-01-22,MEXICO,SOCIAL_MEXICO,DESCONOCIDO,2286.56
2025-01-22,COLOMBIA,ORGANIC_COLOMBIA,DESCONOCIDO,2289.19
2025-01-22,COLOMBIA,PAID_SEARCH_COLOMBIA,DESCONOCIDO,1719.74
2025-01-22,COLOMBIA,SOCIAL_COLOMBIA,DESCONOCIDO,772.46
2025-01-22,ARGENTINA,ORGANIC_ARGENTINA,DESCONOCIDO,1562.61
2025-01-22,ARGENTINA,PAID_SEARCH_ARGENTINA,DESCONOCIDO,644.34
2025-01-22,ARGENTINA,SOCIAL_ARGENTINA,DESCONOCIDO,2544.66
2025-01-23,MEXICO,ORGANIC_MEXICO,DESCONOCIDO,2977.84
2025-01-23,MEXICO,PAID_SEARCH_MEXICO,PAID_SEARCH,2763.14
2025-01-23,MEXICO,SOCIAL_MEXICO,SOCIAL,2787.05
2025-01-23,COLOMBIA,ORGANIC_COLOMBIA,ORGANIC,2438.53
2025-01-23,COLOMBIA,PAID_SEARCH_COLOMBIA,PAID_SEARCH,2834.32
2025-01-23,COLOMBIA,SOCIAL_COLOMBIA,SOCIAL,1741.55
2025-01-23,ARGENTINA,ORGANIC_ARGENTINA,ORGANIC,1318.27
2025-01-23,ARGENTINA,PAID_SEARCH_ARGENTINA,PAID_SEARCH,2025.48
2025-01-23,ARGENTINA,SOCIAL_ARGENTINA,SOCIAL,2264.63
2025-01-24,MEXICO,ORGANIC_MEXICO,ORGANIC,1072.29
2025-01-24,MEXICO,PAID_SEARCH_MEXICO,PAID_SEARCH,1903.1
2025-01-24,MEXICO,SOCIAL_MEXICO,SOCIAL,1866.07
2025-01-24,COLOMBIA,ORGANIC_COLOMBIA,ORGANIC,1017.68
2025-01-24,COLOMBIA,PAID_SEARCH_COLOMBIA,PAID_SEARCH,2690.33
2025-01-24,COLOMBIA,SOCIAL_COLOMBIA,SOCIAL,979.16
2025-01-24,ARGENTINA,ORGANIC_ARGENTINA,ORGANIC,2844.43
2025-01-24,ARGENTINA,PAID_SEARCH_ARGENTINA,PAID_SEARCH,723.81
2025-01-24,ARGENTINA,SOCIAL_ARGENTINA,SOCIAL,840.07
2025-01-25,MEXICO,ORGANIC_MEXICO,ORGANIC,635.56
2025-01-25,MEXICO,PAID_SEARCH_MEXICO,PAID_SEARCH,723.6
2025-01-25,MEXICO,SOCIAL_MEXICO,SOCIAL,2488.53
2025-01-25,COLOMBIA,ORGANIC_COLOMBIA,ORGANIC,2182.07
2025-01-25,COLOMBIA,PAID_SEARCH_COLOMBIA,PAID_SEARCH,1469.03
2025-01-25,COLOMBIA,SOCIAL_COLOMBIA,SOCIAL,2561.18
2025-01-25,ARGENTINA,ORGANIC_ARGENTINA,ORGANIC,706.53
2025-01-25,ARGENTINA,PAID_SEARCH_ARGENTINA,PAID_SEARCH,1341.83
2025-01-25,ARGENTINA,SOCIAL_ARGENTINA,SOCIAL,1963.42
2025-01-26,MEXICO,ORGANIC_MEXICO,ORGANIC,1961.97
2025-01-26,MEXICO,PAID_SEARCH_MEXICO,PAID_SEARCH,2910.94
2025-01-26,MEXICO,SOCIAL_MEXICO,SOCIAL,677.09
2025-01-26,COLOMBIA,ORGANIC_COLOMBIA,ORGANIC,2648.86
2025-01-26,COLOMBIA,PAID_SEARCH_COLOMBIA,PAID_SEARCH,1384.99
2025-01-26,COLOMBIA,SOCIAL_COLOMBIA,SOCIAL,1546.59
2025-01-26,ARGENTINA,ORGANIC_ARGENTINA,ORGANIC,790.43
2025-01-26,ARGENTINA,PAID_SEARCH_ARGENTINA,PAID_SEARCH,714.67
2025-01-26,ARGENTINA,SOCIAL_ARGENTINA,SOCIAL,1917.29
2025-01-27,MEXICO,ORGANIC_MEXICO,ORGANIC,2383.62
2025-01-27,MEXICO,PAID_SEARCH_MEXICO,PAID_SEARCH,1658.58
2025-01-27,MEXICO,SOCIAL_MEXICO,SOCIAL,2188.09
2025-01-27,COLOMBIA,ORGANIC_COLOMBIA,ORGANIC,2796.75
2025-01-27,COLOMBIA,PAID_SEARCH_COLOMBIA,PAID_SEARCH,1670.47
2025-01-27,COLOMBIA,SOCIAL_COLOMBIA,SOCIAL,2609.79
2025-01-27,ARGENTINA,ORGANIC_ARGENTINA,ORGANIC,2638.37
2025-01-27,ARGENTINA,PAID_SEARCH_ARGENTINA,PAID_SEARCH,1057.81
2025-01-27,ARGENTINA,SOCIAL_ARGENTINA,SOCIAL,1314.09
2025-01-28,MEXICO,ORGANIC_MEXICO,ORGANIC,1632.92
2025-01-28,MEXICO,PAID_SEARCH_MEXICO,PAID_SEARCH,2647.79
2025-01-28,MEXICO,SOCIAL_MEXICO,SOCIAL,1866.41
2025-01-28,COLOMBIA,ORGANIC_COLOMBIA,ORGANIC,2267.3
2025-01-28,COLOMBIA,PAID_SEARCH_COLOMBIA,PAID_SEARCH,1815.67
2025-01-28,COLOMBIA,SOCIAL_COLOMBIA,SOCIAL,2860.02
2025-01-28,ARGENTINA,ORGANIC_ARGENTINA,ORGANIC,2076.26
2025-01-28,ARGENTINA,PAID_SEARCH_ARGENTINA,PAID_SEARCH,2752.23
2025-01-28,ARGENTINA,SOCIAL_ARGENTINA,SOCIAL,2401.3
2025-01-29,MEXICO,ORGANIC_MEXICO,ORGANIC,1725.01
2025-01-29,MEXICO,PAID_SEARCH_MEXICO,PAID_SEARCH,691.54
2025-01-29,MEXICO,SOCIAL_MEXICO,SOCIAL,2005.1
2025-01-29,COLOMBIA,ORGANIC_COLOMBIA,ORGANIC,631.74
2025-01-29,COLOMBIA,PAID_SEARCH_COLOMBIA,PAID_SEARCH,2133.11
2025-01-29,COLOMBIA,SOCIAL_COLOMBIA,SOCIAL,1980.84
2025-01-29,ARGENTINA,ORGANIC_ARGENTINA,ORGANIC,653.88
2025-01-29,ARGENTINA,PAID_SEARCH_ARGENTINA,PAID_SEARCH,2534.82
2025-01-29,ARGENTINA,SOCIAL_ARGENTINA,SOCIAL,1400.08
2025-01-30,MEXICO,ORGANIC_MEXICO,ORGANIC,1765.35
2025-01-30,MEXICO,PAID_SEARCH_MEXICO,PAID_SEARCH,1074.75
2025-01-30,MEXICO,SOCIAL_MEXICO,SOCIAL,2735.72
2025-01-30,COLOMBIA,ORGANIC_COLOMBIA,ORGANIC,1448.99
2025-01-30,COLOMBIA,PAID_SEARCH_COLOMBIA,PAID_SEARCH,2969.52
2025-01-30,COLOMBIA,SOCIAL_COLOMBIA,SOCIAL,639.94
2025-01-30,ARGENTINA,ORGANIC_ARGENTINA,ORGANIC,2800.95
2025-01-30,ARGENTINA,PAID_SEARCH_ARGENTINA,PAID_SEARCH,1586.83
2025-01-30,ARGENTINA,SOCIAL_ARGENTINA,SOCIAL,952.75
2025-01-31,MEXICO,ORGANIC_MEXICO,ORGANIC,2058.61
2025-01-31,MEXICO,PAID_SEARCH_MEXICO,PAID_SEARCH,2068.31
2025-01-31,MEXICO,SOCIAL_MEXICO,SOCIAL,2023.55
2025-01-31,COLOMBIA,ORGANIC_COLOMBIA,ORGANIC,2477.19
2025-01-31,COLOMBIA,PAID_SEARCH_COLOMBIA,PAID_SEARCH,2596.02
2025-01-31,COLOMBIA,SOCIAL_COLOMBIA,SOCIAL,549.75
2025-01-31,ARGENTINA,ORGANIC_ARGENTINA,ORGANIC,1154.39
2025-01-31,ARGENTINA,PAID_SEARCH_ARGENTINA,PAID_SEARCH,2531.97
2025-01-31,ARGENTINA,SOCIAL_ARGENTINA,SOCIAL,2312.87
2025-02-01,MEXICO,ORGANIC_MEXICO,ORGANIC,2969.66
2025-02-01,MEXICO,PAID_SEARCH_MEXICO,PAID_SEARCH,928.49
2025-02-01,MEXICO,SOCIAL_MEXICO,SOCIAL,1511.83
2025-02-01,COLOMBIA,ORGANIC_COLOMBIA,ORGANIC,1829.3
2025-02-01,COLOMBIA,PAID_SEARCH_COLOMBIA,PAID_SEARCH,1079.44
2025-02-01,COLOMBIA,SOCIAL_COLOMBIA,SOCIAL,2318.11
2025-02-01,ARGENTINA,ORGANIC_ARGENTINA,ORGANIC,1400.74
2025-02-01,ARGENTINA,PAID_SEARCH_ARGENTINA,PAID_SEARCH,756.3
2025-02-01,ARGENTINA,SOCIAL_ARGENTINA,SOCIAL,1098.72
2025-02-02,MEXICO,ORGANIC_MEXICO,ORGANIC,1684.6
2025-02-02,MEXICO,PAID_SEARCH_MEXICO,PAID_SEARCH,1879.2
2025-02-02,MEXICO,SOCIAL_MEXICO,SOCIAL,776.24
2025-02-02,COLOMBIA,ORGANIC_COLOMBIA,ORGANIC,1068.9
2025-02-02,COLOMBIA,PAID_SEARCH_COLOMBIA,PAID_SEARCH,1451.38
2025-02-02,COLOMBIA,SOCIAL_COLOMBIA,SOCIAL,2918.29
2025-02-02,ARGENTINA,ORGANIC_ARGENTINA,ORGANIC,589.29
2025-02-02,ARGENTINA,PAID_SEARCH_ARGENTINA,PAID_SEARCH,1993.48
2025-02-02,ARGENTINA,SOCIAL_ARGENTINA,SOCIAL,2023.65
2025-02-03,MEXICO,ORGANIC_MEXICO,ORGANIC,1817.79
2025-02-03,MEXICO,PAID_SEARCH_MEXICO,PAID_SEARCH,2717.61
2025-02-03,MEXICO,SOCIAL_MEXICO,SOCIAL,1180.55
2025-02-03,COLOMBIA,ORGANIC_COLOMBIA,ORGANIC,980.11
2025-02-03,COLOMBIA,PAID_SEARCH_COLOMBIA,PAID_SEARCH,2296.49
2025-02-03,COLOMBIA,SOCIAL_COLOMBIA,SOCIAL,1075.63
2025-02-03,ARGENTINA,ORGANIC_ARGENTINA,ORGANIC,2303.33
2025-02-03,ARGENTINA,PAID_SEARCH_ARGENTINA,PAID_SEARCH,2738.63
2025-02-03,ARGENTINA,SOCIAL_ARGENTINA,SOCIAL,2289.75
2025-02-04,MEXICO,ORGANIC_MEXICO,ORGANIC,2910.33
2025-02-04,MEXICO,PAID_SEARCH_MEXICO,PAID_SEARCH,2316.15
2025-02-04,MEXICO,SOCIAL_MEXICO,SOCIAL,2799.33
2025-02-04,COLOMBIA,ORGANIC_COLOMBIA,ORGANIC,624.1
2025-02-04,COLOMBIA,PAID_SEARCH_COLOMBIA,PAID_SEARCH,2179.55
2025-02-04,COLOMBIA,SOCIAL_COLOMBIA,SOCIAL,2062.64
2025-02-04,ARGENTINA,ORGANIC_ARGENTINA,ORGANIC,541.15
2025-02-04,ARGENTINA,PAID_SEARCH_ARGENTINA,PAID_SEARCH,1460.28
2025-02-04,ARGENTINA,SOCIAL_ARGENTINA,SOCIAL,2079.35
2025-02-05,MEXICO,ORGANIC_MEXICO,ORGANIC,1174.93
2025-02-05,MEXICO,PAID_SEARCH_MEXICO,PAID_SEARCH,1361.32
2025-02-05,MEXICO,SOCIAL_MEXICO,SOCIAL,1783.67
2025-02-05,COLOMBIA,ORGANIC_COLOMBIA,ORGANIC,1535.18
2025-02-05,COLOMBIA,PAID_SEARCH_COLOMBIA,PAID_SEARCH,1889.29
2025-02-05,COLOMBIA,SOCIAL_COLOMBIA,SOCIAL,1873.36
2025-02-05,ARGENTINA,ORGANIC_ARGENTINA,ORGANIC,512.58
2025-02-05,ARGENTINA,PAID_SEARCH_ARGENTINA,PAID_SEARCH,873.01
2025-02-05,ARGENTINA,SOCIAL_ARGENTINA,SOCIAL,2013.74
2025-02-06,MEXICO,ORGANIC_MEXICO,ORGANIC,2981.65
2025-02-06,MEXICO,PAID_SEARCH_MEXICO,PAID_SEARCH,1668.75
2025-02-06,MEXICO,SOCIAL_MEXICO,SOCIAL,2857.64
2025-02-06,COLOMBIA,ORGANIC_COLOMBIA,ORGANIC,2523.37
2025-02-06,COLOMBIA,PAID_SEARCH_COLOMBIA,PAID_SEARCH,2117.79
2025-02-06,COLOMBIA,SOCIAL_COLOMBIA,SOCIAL,1320.64
2025-02-06,ARGENTINA,ORGANIC_ARGENTINA,ORGANIC,1071.84
2025-02-06,ARGENTINA,PAID_SEARCH_ARGENTINA,PAID_SEARCH,1877.89
2025-02-06,ARGENTINA,SOCIAL_ARGENTINA,SOCIAL,1893.3
2025-02-07,MEXICO,ORGANIC_MEXICO,ORGANIC,814.8
2025-02-07,MEXICO,PAID_SEARCH_MEXICO,PAID_SEARCH,1352.89
2025-02-07,MEXICO,SOCIAL_MEXICO,SOCIAL,2624.95
2025-02-07,COLOMBIA,ORGANIC_COLOMBIA,ORGANIC,580.64
2025-02-07,COLOMBIA,PAID_SEARCH_COLOMBIA,PAID_SEARCH,743.45
2025-02-07,COLOMBIA,SOCIAL_COLOMBIA,SOCIAL,1398.64
2025-02-07,ARGENTINA,ORGANIC_ARGENTINA,ORGANIC,2816.37
2025-02-07,ARGENTINA,PAID_SEARCH_ARGENTINA,PAID_SEARCH,1172.4
2025-02-07,ARGENTINA,SOCIAL_ARGENTINA,SOCIAL,662.43
2025-02-08,MEXICO,ORGANIC_MEXICO,ORGANIC,2607.08
2025-02-08,MEXICO,PAID_SEARCH_MEXICO,PAID_SEARCH,2913.29
2025-02-08,MEXICO,SOCIAL_MEXICO,SOCIAL,1913.79
2025-02-08,COLOMBIA,ORGANIC_COLOMBIA,ORGANIC,2144.04
2025-02-08,COLOMBIA,PAID_SEARCH_COLOMBIA,PAID_SEARCH,2450.33
2025-02-08,COLOMBIA,SOCIAL_COLOMBIA,SOCIAL,1692.63
2025-02-08,ARGENTINA,ORGANIC_ARGENTINA,ORGANIC,547.93
2025-02-08,ARGENTINA,PAID_SEARCH_ARGENTINA,PAID_SEARCH,834.31
2025-02-08,ARGENTINA,SOCIAL_ARGENTINA,SOCIAL,1935.15
2025-02-09,MEXICO,ORGANIC_MEXICO,ORGANIC,2516.05
2025-02-09,MEXICO,PAID_SEARCH_MEXICO,PAID_SEARCH,902.47
2025-02-09,MEXICO,SOCIAL_MEXICO,SOCIAL,2634.84
2025-02-09,COLOMBIA,ORGANIC_COLOMBIA,ORGANIC,2640.56
2025-02-09,COLOMBIA,PAID_SEARCH_COLOMBIA,PAID_SEARCH,2410.17
2025-02-09,COLOMBIA,SOCIAL_COLOMBIA,SOCIAL,1907.35
2025-02-09,ARGENTINA,ORGANIC_ARGENTINA,ORGANIC,2230.2
2025-02-09,ARGENTINA,PAID_SEARCH_ARGENTINA,PAID_SEARCH,2673.5
2025-02-09,ARGENTINA,SOCIAL_ARGENTINA,SOCIAL,2184.79
2025-02-10,MEXICO,ORGANIC_MEXICO,ORGANIC,1115.63
2025-02-10,MEXICO,PAID_SEARCH_MEXICO,PAID_SEARCH,2079.6
2025-02-10,MEXICO,SOCIAL_MEXICO,SOCIAL,1144.98
2025-02-10,COLOMBIA,ORGANIC_COLOMBIA,ORGANIC,915.59
2025-02-10,COLOMBIA,PAID_SEARCH_COLOMBIA,PAID_SEARCH,859.55
2025-02-10,COLOMBIA,SOCIAL_COLOMBIA,SOCIAL,2126.64
2025-02-10,ARGENTINA,ORGANIC_ARGENTINA,ORGANIC,2941.11
2025-02-10,ARGENTINA,PAID_SEARCH_ARGENTINA,PAID_SEARCH,1345.46
2025-02-10,ARGENTINA,SOCIAL_ARGENTINA,SOCIAL,1172.61
2025-02-11,MEXICO,ORGANIC_MEXICO,ORGANIC,1766.27
2025-02-11,MEXICO,PAID_SEARCH_MEXICO,PAID_SEARCH,2947.25
2025-02-11,MEXICO,SOCIAL_MEXICO,SOCIAL,1592.89
2025-02-11,COLOMBIA,ORGANIC_COLOMBIA,ORGANIC,2639.41
2025-02-11,COLOMBIA,PAID_SEARCH_COLOMBIA,PAID_SEARCH,618.44
2025-02-11,COLOMBIA,SOCIAL_COLOMBIA,SOCIAL,710.21
2025-02-11,ARGENTINA,ORGANIC_ARGENTINA,ORGANIC,502.2
2025-02-11,ARGENTINA,PAID_SEARCH_ARGENTINA,PAID_SEARCH,2362.95
2025-02-11,ARGENTINA,SOCIAL_ARGENTINA,SOCIAL,2051.72
2025-02-12,MEXICO,ORGANIC_MEXICO,ORGANIC,2620.43
2025-02-12,MEXICO,PAID_SEARCH_MEXICO,PAID_SEARCH,2051.25
2025-02-12,MEXICO,SOCIAL_MEXICO,SOCIAL,1340.74
2025-02-12,COLOMBIA,ORGANIC_COLOMBIA,ORGANIC,619.11
2025-02-12,COLOMBIA,PAID_SEARCH_COLOMBIA,PAID_SEARCH,1879.01
2025-02-12,COLOMBIA,SOCIAL_COLOMBIA,SOCIAL,1273.91
2025-02-12,ARGENTINA,ORGANIC_ARGENTINA,ORGANIC,710.09
2025-02-12,ARGENTINA,PAID_SEARCH_ARGENTINA,PAID_SEARCH,2800.0
2025-02-12,ARGENTINA,SOCIAL_ARGENTINA,SOCIAL,2499.63
2025-02-13,MEXICO,ORGANIC_MEXICO,ORGANIC,1098.11
2025-02-13,MEXICO,PAID_SEARCH_MEXICO,PAID_SEARCH,2044.97
2025-02-13,MEXICO,SOCIAL_MEXICO,SOCIAL,1917.53
2025-02-13,COLOMBIA,ORGANIC_COLOMBIA,ORGANIC,2857.99
2025-02-13,COLOMBIA,PAID_SEARCH_COLOMBIA,PAID_SEARCH,2181.19
2025-02-13,COLOMBIA,SOCIAL_COLOMBIA,SOCIAL,2729.66
2025-02-13,ARGENTINA,ORGANIC_ARGENTINA,ORGANIC,2321.47
2025-02-13,ARGENTINA,PAID_SEARCH_ARGENTINA,PAID_SEARCH,2240.14
2025-02-13,ARGENTINA,SOCIAL_ARGENTINA,SOCIAL,2740.7
2025-02-14,MEXICO,ORGANIC_MEXICO,ORGANIC,1126.83
2025-02-14,MEXICO,PAID_SEARCH_MEXICO,PAID_SEARCH,1340.47
2025-02-14,MEXICO,SOCIAL_MEXICO,SOCIAL,2572.5
2025-02-14,COLOMBIA,ORGANIC_COLOMBIA,ORGANIC,2867.96
2025-02-14,COLOMBIA,PAID_SEARCH_COLOMBIA,PAID_SEARCH,1764.55
2025-02-14,COLOMBIA,SOCIAL_COLOMBIA,SOCIAL,2040.07
2025-02-14,ARGENTINA,ORGANIC_ARGENTINA,ORGANIC,1673.23
2025-02-14,ARGENTINA,PAID_SEARCH_ARGENTINA,PAID_SEARCH,1583.19
2025-02-14,ARGENTINA,SOCIAL_ARGENTINA,SOCIAL,1557.65
2025-02-15,MEXICO,ORGANIC_MEXICO,ORGANIC,1914.51
2025-02-15,MEXICO,PAID_SEARCH_MEXICO,PAID_SEARCH,2897.76
2025-02-15,MEXICO,SOCIAL_MEXICO,SOCIAL,1371.24
2025-02-15,COLOMBIA,ORGANIC_COLOMBIA,ORGANIC,2117.51
2025-02-15,COLOMBIA,PAID_SEARCH_COLOMBIA,PAID_SEARCH,758.91
2025-02-15,COLOMBIA,SOCIAL_COLOMBIA,SOCIAL,729.79
2025-02-15,ARGENTINA,ORGANIC_ARGENTINA,ORGANIC,2602.04
2025-02-15,ARGENTINA,PAID_SEARCH_ARGENTINA,PAID_SEARCH,1053.58
2025-02-15,ARGENTINA,SOCIAL_ARGENTINA,SOCIAL,2365.0
2025-02-16,MEXICO,ORGANIC_MEXICO,ORGANIC,1692.32
2025-02-16,MEXICO,PAID_SEARCH_MEXICO,PAID_SEARCH,1076.3
2025-02-16,MEXICO,SOCIAL_MEXICO,SOCIAL,769.42
2025-02-16,COLOMBIA,ORGANIC_COLOMBIA,ORGANIC,912.29
2025-02-16,COLOMBIA,PAID_SEARCH_COLOMBIA,PAID_SEARCH,1888.79
2025-02-16,COLOMBIA,SOCIAL_COLOMBIA,SOCIAL,1464.1
2025-02-16,ARGENTINA,ORGANIC_ARGENTINA,ORGANIC,1760.75
2025-02-16,ARGENTINA,PAID_SEARCH_ARGENTINA,PAID_SEARCH,539.68
2025-02-16,ARGENTINA,SOCIAL_ARGENTINA,SOCIAL,1779.02
2025-02-17,MEXICO,ORGANIC_MEXICO,ORGANIC,1233.12
2025-02-17,MEXICO,PAID_SEARCH_MEXICO,PAID_SEARCH,2907.02
2025-02-17,MEXICO,SOCIAL_MEXICO,SOCIAL,2796.09
2025-02-17,COLOMBIA,ORGANIC_COLOMBIA,ORGANIC,2754.84
2025-02-17,COLOMBIA,PAID_SEARCH_COLOMBIA,PAID_SEARCH,1605.88
2025-02-17,COLOMBIA,SOCIAL_COLOMBIA,SOCIAL,1966.1
2025-02-17,ARGENTINA,ORGANIC_ARGENTINA,ORGANIC,2335.15
2025-02-17,ARGENTINA,PAID_SEARCH_ARGENTINA,PAID_SEARCH,2890.61
2025-02-17,ARGENTINA,SOCIAL_ARGENTINA,SOCIAL,656.87
2025-02-18,MEXICO,ORGANIC_MEXICO,ORGANIC,1839.38
2025-02-18,MEXICO,PAID_SEARCH_MEXICO,PAID_SEARCH,2750.91
2025-02-18,MEXICO,SOCIAL_MEXICO,SOCIAL,870.61
2025-02-18,COLOMBIA,ORGANIC_COLOMBIA,ORGANIC,520.99
2025-02-18,COLOMBIA,PAID_SEARCH_COLOMBIA,PAID_SEARCH,1339.59
2025-02-18,COLOMBIA,SOCIAL_COLOMBIA,SOCIAL,1972.5
2025-02-18,ARGENTINA,ORGANIC_ARGENTINA,ORGANIC,818.69
2025-02-18,ARGENTINA,PAID_SEARCH_ARGENTINA,PAID_SEARCH,2726.68
2025-02-18,ARGENTINA,SOCIAL_ARGENTINA,SOCIAL,1983.84
2025-02-19,MEXICO,ORGANIC_MEXICO,ORGANIC,2988.32
2025-02-19,MEXICO,PAID_SEARCH_MEXICO,PAID_SEARCH,2627.93
2025-02-19,MEXICO,SOCIAL_MEXICO,SOCIAL,1960.35
2025-02-19,COLOMBIA,ORGANIC_COLOMBIA,ORGANIC,2218.09
2025-02-19,COLOMBIA,PAID_SEARCH_COLOMBIA,PAID_SEARCH,982.34
2025-02-19,COLOMBIA,SOCIAL_COLOMBIA,SOCIAL,1491.12
2025-02-19,ARGENTINA,ORGANIC_ARGENTINA,ORGANIC,576.78
2025-02-19,ARGENTINA,PAID_SEARCH_ARGENTINA,PAID_SEARCH,2609.77
2025-02-19,ARGENTINA,SOCIAL_ARGENTINA,SOCIAL,932.57
2025-02-20,MEXICO,ORGANIC_MEXICO,ORGANIC,2481.1
2025-02-20,MEXICO,PAID_SEARCH_MEXICO,PAID_SEARCH,2916.33
2025-02-20,MEXICO,SOCIAL_MEXICO,SOCIAL,2297.21
2025-02-20,COLOMBIA,ORGANIC_COLOMBIA,ORGANIC,2337.19
2025-02-20,COLOMBIA,PAID_SEARCH_COLOMBIA,PAID_SEARCH,2396.14
2025-02-20,COLOMBIA,SOCIAL_COLOMBIA,SOCIAL,2287.33
2025-02-20,ARGENTINA,ORGANIC_ARGENTINA,ORGANIC,1285.02
2025-02-20,ARGENTINA,PAID_SEARCH_ARGENTINA,PAID_SEARCH,1975.29
2025-02-20,ARGENTINA,SOCIAL_ARGENTINA,SOCIAL,2178.6
2025-02-21,MEXICO,ORGANIC_MEXICO,ORGANIC,1943.26
2025-02-21,MEXICO,PAID_SEARCH_MEXICO,PAID_SEARCH,1427.47
2025-02-21,MEXICO,SOCIAL_MEXICO,SOCIAL,2535.52
2025-02-21,COLOMBIA,ORGANIC_COLOMBIA,ORGANIC,802.29
2025-02-21,COLOMBIA,PAID_SEARCH_COLOMBIA,PAID_SEARCH,1915.65
2025-02-21,COLOMBIA,SOCIAL_COLOMBIA,SOCIAL,1086.55
2025-02-21,ARGENTINA,ORGANIC_ARGENTINA,ORGANIC,1004.32
2025-02-21,ARGENTINA,PAID_SEARCH_ARGENTINA,PAID_SEARCH,1446.01
2025-02-21,ARGENTINA,SOCIAL_ARGENTINA,SOCIAL,936.01
2025-02-22,MEXICO,ORGANIC_MEXICO,ORGANIC,1961.19
2025-02-22,MEXICO,PAID_SEARCH_MEXICO,PAID_SEARCH,1628.29
2025-02-22,MEXICO,SOCIAL_MEXICO,SOCIAL,2055.44
2025-02-22,COLOMBIA,ORGANIC_COLOMBIA,ORGANIC,699.81
2025-02-22,COLOMBIA,PAID_SEARCH_COLOMBIA,PAID_SEARCH,2880.14
2025-02-22,COLOMBIA,SOCIAL_COLOMBIA,SOCIAL,2999.36
2025-02-22,ARGENTINA,ORGANIC_ARGENTINA,ORGANIC,772.55
2025-02-22,ARGENTINA,PAID_SEARCH_ARGENTINA,PAID_SEARCH,2039.54
2025-02-22,ARGENTINA,SOCIAL_ARGENTINA,SOCIAL,1711.34
2025-02-23,MEXICO,ORGANIC_MEXICO,ORGANIC,2004.91
2025-02-23,MEXICO,PAID_SEARCH_MEXICO,PAID_SEARCH,1176.16
2025-02-23,MEXICO,SOCIAL_MEXICO,SOCIAL,2432.8
2025-02-23,COLOMBIA,ORGANIC_COLOMBIA,ORGANIC,2363.76
2025-02-23,COLOMBIA,PAID_SEARCH_COLOMBIA,PAID_SEARCH,2107.64
2025-02-23,COLOMBIA,SOCIAL_COLOMBIA,SOCIAL,634.17
2025-02-23,ARGENTINA,ORGANIC_ARGENTINA,ORGANIC,1255.48
2025-02-23,ARGENTINA,PAID_SEARCH_ARGENTINA,PAID_SEARCH,1758.69
2025-02-23,ARGENTINA,SOCIAL_ARGENTINA,SOCIAL,1255.49
2025-02-24,MEXICO,ORGANIC_MEXICO,ORGANIC,2860.22
2025-02-24,MEXICO,PAID_SEARCH_MEXICO,PAID_SEARCH,1190.24
2025-02-24,MEXICO,SOCIAL_MEXICO,SOCIAL,2732.14
2025-02-24,COLOMBIA,ORGANIC_COLOMBIA,ORGANIC,2166.54
2025-02-24,COLOMBIA,PAID_SEARCH_COLOMBIA,PAID_SEARCH,2286.43
2025-02-24,COLOMBIA,SOCIAL_COLOMBIA,SOCIAL,2449.69
2025-02-24,ARGENTINA,ORGANIC_ARGENTINA,ORGANIC,896.95
2025-02-24,ARGENTINA,PAID_SEARCH_ARGENTINA,PAID_SEARCH,673.33
2025-02-24,ARGENTINA,SOCIAL_ARGENTINA,SOCIAL,1144.79
2025-02-25,MEXICO,ORGANIC_MEXICO,ORGANIC,901.24
2025-02-25,MEXICO,PAID_SEARCH_MEXICO,PAID_SEARCH,794.07
2025-02-25,MEXICO,SOCIAL_MEXICO,SOCIAL,2643.91
2025-02-25,COLOMBIA,ORGANIC_COLOMBIA,ORGANIC,1669.77
2025-02-25,COLOMBIA,PAID_SEARCH_COLOMBIA,PAID_SEARCH,2969.49
2025-02-25,COLOMBIA,SOCIAL_COLOMBIA,SOCIAL,604.86
2025-02-25,ARGENTINA,ORGANIC_ARGENTINA,ORGANIC,2042.74
2025-02-25,ARGENTINA,PAID_SEARCH_ARGENTINA,PAID_SEARCH,552.09
2025-02-25,ARGENTINA,SOCIAL_ARGENTINA,SOCIAL,2476.56
2025-02-26,MEXICO,ORGANIC_MEXICO,ORGANIC,2604.93
2025-02-26,MEXICO,PAID_SEARCH_MEXICO,PAID_SEARCH,533.47
2025-02-26,MEXICO,SOCIAL_MEXICO,SOCIAL,1444.43
2025-02-26,COLOMBIA,ORGANIC_COLOMBIA,ORGANIC,679.05
2025-02-26,COLOMBIA,PAID_SEARCH_COLOMBIA,PAID_SEARCH,2580.79
2025-02-26,COLOMBIA,SOCIAL_COLOMBIA,SOCIAL,2271.79
2025-02-26,ARGENTINA,ORGANIC_ARGENTINA,ORGANIC,1245.09
2025-02-26,ARGENTINA,PAID_SEARCH_ARGENTINA,PAID_SEARCH,531.75
2025-02-26,ARGENTINA,SOCIAL_ARGENTINA,SOCIAL,2696.62
2025-02-27,MEXICO,ORGANIC_MEXICO,ORGANIC,2264.64
2025-02-27,MEXICO,PAID_SEARCH_MEXICO,PAID_SEARCH,2559.49
2025-02-27,MEXICO,SOCIAL_MEXICO,SOCIAL,1971.46
2025-02-27,COLOMBIA,ORGANIC_COLOMBIA,ORGANIC,2988.92
2025-02-27,COLOMBIA,PAID_SEARCH_COLOMBIA,PAID_SEARCH,2279.81
2025-02-27,COLOMBIA,SOCIAL_COLOMBIA,SOCIAL,831.02
2025-02-27,ARGENTINA,ORGANIC_ARGENTINA,ORGANIC,996.85
2025-02-27,ARGENTINA,PAID_SEARCH_ARGENTINA,PAID_SEARCH,1460.77
2025-02-27,ARGENTINA,SOCIAL_ARGENTINA,SOCIAL,784.04
2025-02-28,MEXICO,ORGANIC_MEXICO,ORGANIC,1523.78
2025-02-28,MEXICO,PAID_SEARCH_MEXICO,PAID_SEARCH,2178.26
2025-02-28,MEXICO,SOCIAL_MEXICO,SOCIAL,2362.64
2025-02-28,COLOMBIA,ORGANIC_COLOMBIA,ORGANIC,2083.37
2025-02-28,COLOMBIA,PAID_SEARCH_COLOMBIA,PAID_SEARCH,1552.63
2025-02-28,COLOMBIA,SOCIAL_COLOMBIA,SOCIAL,2715.28
2025-02-28,ARGENTINA,ORGANIC_ARGENTINA,ORGANIC,2477.47
2025-02-28,ARGENTINA,PAID_SEARCH_ARGENTINA,PAID_SEARCH,1677.61
2025-02-28,ARGENTINA,SOCIAL_ARGENTINA,SOCIAL,2303.14
2025-03-01,MEXICO,ORGANIC_MEXICO,ORGANIC,1285.76
2025-03-01,MEXICO,PAID_SEARCH_MEXICO,PAID_SEARCH,2565.67
2025-03-01,MEXICO,SOCIAL_MEXICO,SOCIAL,1997.66
2025-03-01,COLOMBIA,ORGANIC_COLOMBIA,ORGANIC,2665.73
2025-03-01,COLOMBIA,PAID_SEARCH_COLOMBIA,PAID_SEARCH,844.75
2025-03-01,COLOMBIA,SOCIAL_COLOMBIA,SOCIAL,2971.47
2025-03-01,ARGENTINA,ORGANIC_ARGENTINA,ORGANIC,1325.8
2025-03-01,ARGENTINA,PAID_SEARCH_ARGENTINA,PAID_SEARCH,732.26
2025-03-01,ARGENTINA,SOCIAL_ARGENTINA,SOCIAL,1625.45
2025-03-02,MEXICO,ORGANIC_MEXICO,ORGANIC,2563.5
2025-03-02,MEXICO,PAID_SEARCH_MEXICO,PAID_SEARCH,1018.16
2025-03-02,MEXICO,SOCIAL_MEXICO,SOCIAL,2220.58
2025-03-02,COLOMBIA,ORGANIC_COLOMBIA,ORGANIC,1966.37
2025-03-02,COLOMBIA,PAID_SEARCH_COLOMBIA,PAID_SEARCH,1035.48
2025-03-02,COLOMBIA,SOCIAL_COLOMBIA,SOCIAL,501.28
2025-03-02,ARGENTINA,ORGANIC_ARGENTINA,ORGANIC,1343.81
2025-03-02,ARGENTINA,PAID_SEARCH_ARGENTINA,PAID_SEARCH,1868.92
2025-03-02,ARGENTINA,SOCIAL_ARGENTINA,SOCIAL,778.93
2025-03-03,MEXICO,ORGANIC_MEXICO,ORGANIC,2674.67
2025-03-03,MEXICO,PAID_SEARCH_MEXICO,PAID_SEARCH,2969.11
2025-03-03,MEXICO,SOCIAL_MEXICO,SOCIAL,2040.3
2025-03-03,COLOMBIA,ORGANIC_COLOMBIA,ORGANIC,2043.61
2025-03-03,COLOMBIA,PAID_SEARCH_COLOMBIA,PAID_SEARCH,1467.76
2025-03-03,COLOMBIA,SOCIAL_COLOMBIA,SOCIAL,2310.52
2025-03-03,ARGENTINA,ORGANIC_ARGENTINA,ORGANIC,1416.81
2025-03-03,ARGENTINA,PAID_SEARCH_ARGENTINA,PAID_SEARCH,2921.05
2025-03-03,ARGENTINA,SOCIAL_ARGENTINA,SOCIAL,785.4
2025-03-04,MEXICO,ORGANIC_MEXICO,ORGANIC,505.59
2025-03-04,MEXICO,PAID_SEARCH_MEXICO,PAID_SEARCH,2902.89
2025-03-04,MEXICO,SOCIAL_MEXICO,SOCIAL,825.83
2025-03-04,COLOMBIA,ORGANIC_COLOMBIA,ORGANIC,2243.9
2025-03-04,COLOMBIA,PAID_SEARCH_COLOMBIA,PAID_SEARCH,2137.18
2025-03-04,COLOMBIA,SOCIAL_COLOMBIA,SOCIAL,2257.07
2025-03-04,ARGENTINA,ORGANIC_ARGENTINA,ORGANIC,2593.45
2025-03-04,ARGENTINA,PAID_SEARCH_ARGENTINA,PAID_SEARCH,523.1
2025-03-04,ARGENTINA,SOCIAL_ARGENTINA,SOCIAL,2293.99
2025-03-05,MEXICO,ORGANIC_MEXICO,ORGANIC,1857.56
2025-03-05,MEXICO,PAID_SEARCH_MEXICO,PAID_SEARCH,1508.72
2025-03-05,MEXICO,SOCIAL_MEXICO,SOCIAL,1079.07
2025-03-05,COLOMBIA,ORGANIC_COLOMBIA,ORGANIC,2382.48
2025-03-05,COLOMBIA,PAID_SEARCH_COLOMBIA,PAID_SEARCH,2628.61
2025-03-05,COLOMBIA,SOCIAL_COLOMBIA,SOCIAL,1610.57
2025-03-05,ARGENTINA,ORGANIC_ARGENTINA,ORGANIC,1320.59
2025-03-05,ARGENTINA,PAID_SEARCH_ARGENTINA,PAID_SEARCH,1300.0
2025-03-05,ARGENTINA,SOCIAL_ARGENTINA,SOCIAL,2974.46
2025-03-06,MEXICO,ORGANIC_MEXICO,ORGANIC,1651.4
2025-03-06,MEXICO,PAID_SEARCH_MEXICO,PAID_SEARCH,1244.98
2025-03-06,MEXICO,SOCIAL_MEXICO,SOCIAL,2727.94
2025-03-06,COLOMBIA,ORGANIC_COLOMBIA,ORGANIC,1338.79
2025-03-06,COLOMBIA,PAID_SEARCH_COLOMBIA,PAID_SEARCH,1037.34
2025-03-06,COLOMBIA,SOCIAL_COLOMBIA,SOCIAL,2793.68
2025-03-06,ARGENTINA,ORGANIC_ARGENTINA,ORGANIC,2971.77
2025-03-06,ARGENTINA,PAID_SEARCH_ARGENTINA,PAID_SEARCH,514.64
2025-03-06,ARGENTINA,SOCIAL_ARGENTINA,SOCIAL,2188.01
2025-03-07,MEXICO,ORGANIC_MEXICO,ORGANIC,2431.44
2025-03-07,MEXICO,PAID_SEARCH_MEXICO,PAID_SEARCH,2709.79
2025-03-07,MEXICO,SOCIAL_MEXICO,SOCIAL,1616.76
2025-03-07,COLOMBIA,ORGANIC_COLOMBIA,ORGANIC,2208.18
2025-03-07,COLOMBIA,PAID_SEARCH_COLOMBIA,PAID_SEARCH,1354.81
2025-03-07,COLOMBIA,SOCIAL_COLOMBIA,SOCIAL,1323.2
2025-03-07,ARGENTINA,ORGANIC_ARGENTINA,ORGANIC,2440.72
2025-03-07,ARGENTINA,PAID_SEARCH_ARGENTINA,PAID_SEARCH,674.71
2025-03-07,ARGENTINA,SOCIAL_ARGENTINA,SOCIAL,2896.24
2025-03-08,MEXICO,ORGANIC_MEXICO,ORGANIC,1430.22
2025-03-08,MEXICO,PAID_SEARCH_MEXICO,PAID_SEARCH,2796.79
2025-03-08,MEXICO,SOCIAL_MEXICO,SOCIAL,2337.36
2025-03-08,COLOMBIA,ORGANIC_COLOMBIA,ORGANIC,905.4
2025-03-08,COLOMBIA,PAID_SEARCH_COLOMBIA,PAID_SEARCH,955.49
2025-03-08,COLOMBIA,SOCIAL_COLOMBIA,SOCIAL,760.35
2025-03-08,ARGENTINA,ORGANIC_ARGENTINA,ORGANIC,2219.39
2025-03-08,ARGENTINA,PAID_SEARCH_ARGENTINA,PAID_SEARCH,2419.68
2025-03-08,ARGENTINA,SOCIAL_ARGENTINA,SOCIAL,2717.79
2025-03-09,MEXICO,ORGANIC_MEXICO,ORGANIC,777.29
2025-03-09,MEXICO,PAID_SEARCH_MEXICO,PAID_SEARCH,2979.65
2025-03-09,MEXICO,SOCIAL_MEXICO,SOCIAL,2261.8
2025-03-09,COLOMBIA,ORGANIC_COLOMBIA,ORGANIC,2314.17
2025-03-09,COLOMBIA,PAID_SEARCH_COLOMBIA,PAID_SEARCH,2674.55
2025-03-09,COLOMBIA,SOCIAL_COLOMBIA,SOCIAL,2707.99
2025-03-09,ARGENTINA,ORGANIC_ARGENTINA,ORGANIC,2460.54
2025-03-09,ARGENTINA,PAID_SEARCH_ARGENTINA,PAID_SEARCH,2039.28
2025-03-09,ARGENTINA,SOCIAL_ARGENTINA,SOCIAL,2703.46
2025-03-10,MEXICO,ORGANIC_MEXICO,ORGANIC,1817.97
2025-03-10,MEXICO,PAID_SEARCH_MEXICO,PAID_SEARCH,2880.9
2025-03-10,MEXICO,SOCIAL_MEXICO,SOCIAL,658.58
2025-03-10,COLOMBIA,ORGANIC_COLOMBIA,ORGANIC,1664.65
2025-03-10,COLOMBIA,PAID_SEARCH_COLOMBIA,PAID_SEARCH,1793.57
2025-03-10,COLOMBIA,SOCIAL_COLOMBIA,SOCIAL,2928.11
2025-03-10,ARGENTINA,ORGANIC_ARGENTINA,ORGANIC,1518.44
2025-03-10,ARGENTINA,PAID_SEARCH_ARGENTINA,PAID_SEARCH,2007.83
2025-03-10,ARGENTINA,SOCIAL_ARGENTINA,SOCIAL,1535.76
2025-03-11,MEXICO,ORGANIC_MEXICO,ORGANIC,2689.86
2025-03-11,MEXICO,PAID_SEARCH_MEXICO,PAID_SEARCH,2946.8
2025-03-11,MEXICO,SOCIAL_MEXICO,SOCIAL,1707.33
2025-03-11,COLOMBIA,ORGANIC_COLOMBIA,ORGANIC,1206.49
2025-03-11,COLOMBIA,PAID_SEARCH_COLOMBIA,PAID_SEARCH,865.82
2025-03-11,COLOMBIA,SOCIAL_COLOMBIA,SOCIAL,1615.39
2025-03-11,ARGENTINA,ORGANIC_ARGENTINA,ORGANIC,2296.31
2025-03-11,ARGENTINA,PAID_SEARCH_ARGENTINA,PAID_SEARCH,1187.95
2025-03-11,ARGENTINA,SOCIAL_ARGENTINA,SOCIAL,1815.6
2025-03-12,MEXICO,ORGANIC_MEXICO,ORGANIC,1862.52
2025-03-12,MEXICO,PAID_SEARCH_MEXICO,PAID_SEARCH,2272.92
2025-03-12,MEXICO,SOCIAL_MEXICO,SOCIAL,969.87
2025-03-12,COLOMBIA,ORGANIC_COLOMBIA,ORGANIC,1768.93
2025-03-12,COLOMBIA,PAID_SEARCH_COLOMBIA,PAID_SEARCH,581.57
2025-03-12,COLOMBIA,SOCIAL_COLOMBIA,SOCIAL,2083.91
2025-03-12,ARGENTINA,ORGANIC_ARGENTINA,ORGANIC,1989.0
2025-03-12,ARGENTINA,PAID_SEARCH_ARGENTINA,PAID_SEARCH,1641.58
2025-03-12,ARGENTINA,SOCIAL_ARGENTINA,SOCIAL,1581.3
2025-03-13,MEXICO,ORGANIC_MEXICO,ORGANIC,2834.77
2025-03-13,MEXICO,PAID_SEARCH_MEXICO,PAID_SEARCH,1770.31
2025-03-13,MEXICO,SOCIAL_MEXICO,SOCIAL,1467.01
2025-03-13,COLOMBIA,ORGANIC_COLOMBIA,ORGANIC,881.84
2025-03-13,COLOMBIA,PAID_SEARCH_COLOMBIA,PAID_SEARCH,2149.67
2025-03-13,COLOMBIA,SOCIAL_COLOMBIA,SOCIAL,2219.17
2025-03-13,ARGENTINA,ORGANIC_ARGENTINA,ORGANIC,2133.74
2025-03-13,ARGENTINA,PAID_SEARCH_ARGENTINA,PAID_SEARCH,691.8
2025-03-13,ARGENTINA,SOCIAL_ARGENTINA,SOCIAL,2829.92
2025-03-14,MEXICO,ORGANIC_MEXICO,ORGANIC,711.85
2025-03-14,MEXICO,PAID_SEARCH_MEXICO,PAID_SEARCH,1056.25
2025-03-14,MEXICO,SOCIAL_MEXICO,SOCIAL,2617.0
2025-03-14,COLOMBIA,ORGANIC_COLOMBIA,ORGANIC,908.29
2025-03-14,COLOMBIA,PAID_SEARCH_COLOMBIA,PAID_SEARCH,2596.73
2025-03-14,COLOMBIA,SOCIAL_COLOMBIA,SOCIAL,2907.91
2025-03-14,ARGENTINA,ORGANIC_ARGENTINA,ORGANIC,2636.93
2025-03-14,ARGENTINA,PAID_SEARCH_ARGENTINA,PAID_SEARCH,2340.49
2025-03-14,ARGENTINA,SOCIAL_ARGENTINA,SOCIAL,1700.72
2025-03-15,MEXICO,ORGANIC_MEXICO,ORGANIC,2000.39
2025-03-15,MEXICO,PAID_SEARCH_MEXICO,PAID_SEARCH,2778.67
2025-03-15,MEXICO,SOCIAL_MEXICO,SOCIAL,2826.9
2025-03-15,COLOMBIA,ORGANIC_COLOMBIA,ORGANIC,744.06
2025-03-15,COLOMBIA,PAID_SEARCH_COLOMBIA,PAID_SEARCH,1691.2
2025-03-15,COLOMBIA,SOCIAL_COLOMBIA,SOCIAL,2517.14
2025-03-15,ARGENTINA,ORGANIC_ARGENTINA,ORGANIC,2675.72
2025-03-15,ARGENTINA,PAID_SEARCH_ARGENTINA,PAID_SEARCH,1485.68
2025-03-15,ARGENTINA,SOCIAL_ARGENTINA,SOCIAL,1435.46
2025-03-16,MEXICO,ORGANIC_MEXICO,ORGANIC,1193.85
2025-03-16,MEXICO,PAID_SEARCH_MEXICO,PAID_SEARCH,2406.21
2025-03-16,MEXICO,SOCIAL_MEXICO,SOCIAL,575.12
2025-03-16,COLOMBIA,ORGANIC_COLOMBIA,ORGANIC,1783.06
2025-03-16,COLOMBIA,PAID_SEARCH_COLOMBIA,PAID_SEARCH,2579.61
2025-03-16,COLOMBIA,SOCIAL_COLOMBIA,SOCIAL,1467.96
2025-03-16,ARGENTINA,ORGANIC_ARGENTINA,ORGANIC,1290.87
2025-03-16,ARGENTINA,PAID_SEARCH_ARGENTINA,PAID_SEARCH,2468.62
2025-03-16,ARGENTINA,SOCIAL_ARGENTINA,SOCIAL,1630.64
2025-03-17,MEXICO,ORGANIC_MEXICO,ORGANIC,2380.07
2025-03-17,MEXICO,PAID_SEARCH_MEXICO,PAID_SEARCH,533.88
2025-03-17,MEXICO,SOCIAL_MEXICO,SOCIAL,1010.72
2025-03-17,COLOMBIA,ORGANIC_COLOMBIA,ORGANIC,2026.73
2025-03-17,COLOMBIA,PAID_SEARCH_COLOMBIA,PAID_SEARCH,856.19
2025-03-17,COLOMBIA,SOCIAL_COLOMBIA,SOCIAL,2562.97
2025-03-17,ARGENTINA,ORGANIC_ARGENTINA,ORGANIC,1142.13
2025-03-17,ARGENTINA,PAID_SEARCH_ARGENTINA,PAID_SEARCH,784.67
2025-03-17,ARGENTINA,SOCIAL_ARGENTINA,SOCIAL,1254.99
2025-03-18,MEXICO,ORGANIC_MEXICO,ORGANIC,2127.39
2025-03-18,MEXICO,PAID_SEARCH_MEXICO,PAID_SEARCH,554.52
2025-03-18,MEXICO,SOCIAL_MEXICO,SOCIAL,597.7
2025-03-18,COLOMBIA,ORGANIC_COLOMBIA,ORGANIC,2755.39
2025-03-18,COLOMBIA,PAID_SEARCH_COLOMBIA,PAID_SEARCH,1786.94
2025-03-18,COLOMBIA,SOCIAL_COLOMBIA,SOCIAL,725.58
2025-03-18,ARGENTINA,ORGANIC_ARGENTINA,ORGANIC,2454.71
2025-03-18,ARGENTINA,PAID_SEARCH_ARGENTINA,PAID_SEARCH,2197.85
2025-03-18,ARGENTINA,SOCIAL_ARGENTINA,SOCIAL,2566.51
2025-03-19,MEXICO,ORGANIC_MEXICO,ORGANIC,1295.6
2025-03-19,MEXICO,PAID_SEARCH_MEXICO,PAID_SEARCH,2775.27
2025-03-19,MEXICO,SOCIAL_MEXICO,SOCIAL,1582.66
2025-03-19,COLOMBIA,ORGANIC_COLOMBIA,ORGANIC,708.99
2025-03-19,COLOMBIA,PAID_SEARCH_COLOMBIA,PAID_SEARCH,1766.0
2025-03-19,COLOMBIA,SOCIAL_COLOMBIA,SOCIAL,1490.12
2025-03-19,ARGENTINA,ORGANIC_ARGENTINA,ORGANIC,1911.73
2025-03-19,ARGENTINA,PAID_SEARCH_ARGENTINA,PAID_SEARCH,695.47
2025-03-19,ARGENTINA,SOCIAL_ARGENTINA,SOCIAL,1376.88
2025-03-20,MEXICO,ORGANIC_MEXICO,ORGANIC,767.58
2025-03-20,MEXICO,PAID_SEARCH_MEXICO,PAID_SEARCH,1208.18
2025-03-20,MEXICO,SOCIAL_MEXICO,SOCIAL,1055.35
2025-03-20,COLOMBIA,ORGANIC_COLOMBIA,ORGANIC,2662.43
2025-03-20,COLOMBIA,PAID_SEARCH_COLOMBIA,PAID_SEARCH,2038.09
2025-03-20,COLOMBIA,SOCIAL_COLOMBIA,SOCIAL,2065.47
2025-03-20,ARGENTINA,ORGANIC_ARGENTINA,ORGANIC,1737.1
2025-03-20,ARGENTINA,PAID_SEARCH_ARGENTINA,PAID_SEARCH,2643.27
2025-03-20,ARGENTINA,SOCIAL_ARGENTINA,SOCIAL,2882.59
2025-03-21,MEXICO,ORGANIC_MEXICO,ORGANIC,1620.17
2025-03-21,MEXICO,PAID_SEARCH_MEXICO,PAID_SEARCH,1566.3
2025-03-21,MEXICO,SOCIAL_MEXICO,SOCIAL,2794.58
2025-03-21,COLOMBIA,ORGANIC_COLOMBIA,ORGANIC,779.63
2025-03-21,COLOMBIA,PAID_SEARCH_COLOMBIA,PAID_SEARCH,2639.25
2025-03-21,COLOMBIA,SOCIAL_COLOMBIA,SOCIAL,2818.25
2025-03-21,ARGENTINA,ORGANIC_ARGENTINA,ORGANIC,1812.19
2025-03-21,ARGENTINA,PAID_SEARCH_ARGENTINA,PAID_SEARCH,894.59
2025-03-21,ARGENTINA,SOCIAL_ARGENTINA,SOCIAL,2699.24
2025-03-22,MEXICO,ORGANIC_MEXICO,ORGANIC,1638.03
2025-03-22,MEXICO,PAID_SEARCH_MEXICO,PAID_SEARCH,1156.59
2025-03-22,MEXICO,SOCIAL_MEXICO,SOCIAL,1576.11
2025-03-22,COLOMBIA,ORGANIC_COLOMBIA,ORGANIC,945.31
2025-03-22,COLOMBIA,PAID_SEARCH_COLOMBIA,PAID_SEARCH,2258.04
2025-03-22,COLOMBIA,SOCIAL_COLOMBIA,SOCIAL,2869.48
2025-03-22,ARGENTINA,ORGANIC_ARGENTINA,ORGANIC,619.11
2025-03-22,ARGENTINA,PAID_SEARCH_ARGENTINA,PAID_SEARCH,2105.4
2025-03-22,ARGENTINA,SOCIAL_ARGENTINA,SOCIAL,2375.49
2025-03-23,MEXICO,ORGANIC_MEXICO,ORGANIC,2423.01
2025-03-23,MEXICO,PAID_SEARCH_MEXICO,PAID_SEARCH,1236.86
2025-03-23,MEXICO,SOCIAL_MEXICO,SOCIAL,2878.95
2025-03-23,COLOMBIA,ORGANIC_COLOMBIA,ORGANIC,2899.55
2025-03-23,COLOMBIA,PAID_SEARCH_COLOMBIA,PAID_SEARCH,2761.22
2025-03-23,COLOMBIA,SOCIAL_COLOMBIA,SOCIAL,1298.04
2025-03-23,ARGENTINA,ORGANIC_ARGENTINA,ORGANIC,2990.6
2025-03-23,ARGENTINA,PAID_SEARCH_ARGENTINA,PAID_SEARCH,1297.98
2025-03-23,ARGENTINA,SOCIAL_ARGENTINA,SOCIAL,2804.65
2025-03-24,MEXICO,ORGANIC_MEXICO,ORGANIC,2938.28
2025-03-24,MEXICO,PAID_SEARCH_MEXICO,PAID_SEARCH,585.56
2025-03-24,MEXICO,SOCIAL_MEXICO,SOCIAL,1895.26
2025-03-24,COLOMBIA,ORGANIC_COLOMBIA,ORGANIC,2421.0
2025-03-24,COLOMBIA,PAID_SEARCH_COLOMBIA,PAID_SEARCH,663.73
2025-03-24,COLOMBIA,SOCIAL_COLOMBIA,SOCIAL,744.95
2025-03-24,ARGENTINA,ORGANIC_ARGENTINA,ORGANIC,2387.88
2025-03-24,ARGENTINA,PAID_SEARCH_ARGENTINA,PAID_SEARCH,2237.02
2025-03-24,ARGENTINA,SOCIAL_ARGENTINA,SOCIAL,1168.73
2025-03-25,MEXICO,ORGANIC_MEXICO,ORGANIC,1332.11
2025-03-25,MEXICO,PAID_SEARCH_MEXICO,PAID_SEARCH,2969.28
2025-03-25,MEXICO,SOCIAL_MEXICO,SOCIAL,2993.4
2025-03-25,COLOMBIA,ORGANIC_COLOMBIA,ORGANIC,922.63
2025-03-25,COLOMBIA,PAID_SEARCH_COLOMBIA,PAID_SEARCH,810.64
2025-03-25,COLOMBIA,SOCIAL_COLOMBIA,SOCIAL,2105.36
2025-03-25,ARGENTINA,ORGANIC_ARGENTINA,ORGANIC,1679.68
2025-03-25,ARGENTINA,PAID_SEARCH_ARGENTINA,PAID_SEARCH,843.26
2025-03-25,ARGENTINA,SOCIAL_ARGENTINA,SOCIAL,2307.75
2025-03-26,MEXICO,ORGANIC_MEXICO,ORGANIC,2770.95
2025-03-26,MEXICO,PAID_SEARCH_MEXICO,PAID_SEARCH,2834.31
2025-03-26,MEXICO,SOCIAL_MEXICO,SOCIAL,590.64
2025-03-26,COLOMBIA,ORGANIC_COLOMBIA,ORGANIC,547.28
2025-03-26,COLOMBIA,PAID_SEARCH_COLOMBIA,PAID_SEARCH,2790.82
2025-03-26,COLOMBIA,SOCIAL_COLOMBIA,SOCIAL,2841.48
2025-03-26,ARGENTINA,ORGANIC_ARGENTINA,ORGANIC,2369.91
2025-03-26,ARGENTINA,PAID_SEARCH_ARGENTINA,PAID_SEARCH,1040.64
2025-03-26,ARGENTINA,SOCIAL_ARGENTINA,SOCIAL,1587.44
2025-03-27,MEXICO,ORGANIC_MEXICO,ORGANIC,2921.5
2025-03-27,MEXICO,PAID_SEARCH_MEXICO,PAID_SEARCH,1917.8
2025-03-27,MEXICO,SOCIAL_MEXICO,SOCIAL,1857.03
2025-03-27,COLOMBIA,ORGANIC_COLOMBIA,ORGANIC,2971.19
2025-03-27,COLOMBIA,PAID_SEARCH_COLOMBIA,PAID_SEARCH,1290.25
2025-03-27,COLOMBIA,SOCIAL_COLOMBIA,SOCIAL,2345.12
2025-03-27,ARGENTINA,ORGANIC_ARGENTINA,ORGANIC,2357.61
2025-03-27,ARGENTINA,PAID_SEARCH_ARGENTINA,PAID_SEARCH,2884.87
2025-03-27,ARGENTINA,SOCIAL_ARGENTINA,SOCIAL,2233.71
2025-03-28,MEXICO,ORGANIC_MEXICO,ORGANIC,1300.24
2025-03-28,MEXICO,PAID_SEARCH_MEXICO,PAID_SEARCH,2553.86
2025-03-28,MEXICO,SOCIAL_MEXICO,SOCIAL,1804.88
2025-03-28,COLOMBIA,ORGANIC_COLOMBIA,ORGANIC,676.5
2025-03-28,COLOMBIA,PAID_SEARCH_COLOMBIA,PAID_SEARCH,1450.98
2025-03-28,COLOMBIA,SOCIAL_COLOMBIA,SOCIAL,603.17
2025-03-28,ARGENTINA,ORGANIC_ARGENTINA,ORGANIC,1040.38
2025-03-28,ARGENTINA,PAID_SEARCH_ARGENTINA,PAID_SEARCH,1955.53
2025-03-28,ARGENTINA,SOCIAL_ARGENTINA,SOCIAL,1475.66
2025-03-29,MEXICO,ORGANIC_MEXICO,ORGANIC,2097.19
2025-03-29,MEXICO,PAID_SEARCH_MEXICO,PAID_SEARCH,2467.24
2025-03-29,MEXICO,SOCIAL_MEXICO,SOCIAL,2769.14
2025-03-29,COLOMBIA,ORGANIC_COLOMBIA,ORGANIC,2802.7
2025-03-29,COLOMBIA,PAID_SEARCH_COLOMBIA,PAID_SEARCH,1921.42
2025-03-29,COLOMBIA,SOCIAL_COLOMBIA,SOCIAL,1391.51
2025-03-29,ARGENTINA,ORGANIC_ARGENTINA,ORGANIC,2417.71
2025-03-29,ARGENTINA,PAID_SEARCH_ARGENTINA,PAID_SEARCH,650.12
2025-03-29,ARGENTINA,SOCIAL_ARGENTINA,SOCIAL,1490.41
2025-03-30,MEXICO,ORGANIC_MEXICO,ORGANIC,828.11
2025-03-30,MEXICO,PAID_SEARCH_MEXICO,PAID_SEARCH,1731.35
2025-03-30,MEXICO,SOCIAL_MEXICO,SOCIAL,2408.97
2025-03-30,COLOMBIA,ORGANIC_COLOMBIA,ORGANIC,2629.57
2025-03-30,COLOMBIA,PAID_SEARCH_COLOMBIA,PAID_SEARCH,2563.4
2025-03-30,COLOMBIA,SOCIAL_COLOMBIA,SOCIAL,882.63
2025-03-30,ARGENTINA,ORGANIC_ARGENTINA,ORGANIC,2458.53
2025-03-30,ARGENTINA,PAID_SEARCH_ARGENTINA,PAID_SEARCH,1744.8
2025-03-30,ARGENTINA,SOCIAL_ARGENTINA,SOCIAL,1358.22
2025-03-31,MEXICO,ORGANIC_MEXICO,ORGANIC,2238.17
2025-03-31,MEXICO,PAID_SEARCH_MEXICO,PAID_SEARCH,2006.13
2025-03-31,MEXICO,SOCIAL_MEXICO,SOCIAL,2382.97
2025-03-31,COLOMBIA,ORGANIC_COLOMBIA,ORGANIC,2830.91
2025-03-31,COLOMBIA,PAID_SEARCH_COLOMBIA,PAID_SEARCH,612.18
2025-03-31,COLOMBIA,SOCIAL_COLOMBIA,SOCIAL,2945.61
2025-03-31,ARGENTINA,ORGANIC_ARGENTINA,ORGANIC,2418.3
2025-03-31,ARGENTINA,PAID_SEARCH_ARGENTINA,PAID_SEARCH,546.85
2025-03-31,ARGENTINA,SOCIAL_ARGENTINA,SOCIAL,2293.72
2025-04-01,MEXICO,ORGANIC_MEXICO,ORGANIC,1588.59
2025-04-01,MEXICO,PAID_SEARCH_MEXICO,PAID_SEARCH,1113.38
2025-04-01,MEXICO,SOCIAL_MEXICO,SOCIAL,1004.92
2025-04-01,COLOMBIA,ORGANIC_COLOMBIA,ORGANIC,2226.62
2025-04-01,COLOMBIA,PAID_SEARCH_COLOMBIA,PAID_SEARCH,1794.02
2025-04-01,COLOMBIA,SOCIAL_COLOMBIA,SOCIAL,1141.43
2025-04-01,ARGENTINA,ORGANIC_ARGENTINA,ORGANIC,2836.63
2025-04-01,ARGENTINA,PAID_SEARCH_ARGENTINA,PAID_SEARCH,2381.43
2025-04-01,ARGENTINA,SOCIAL_ARGENTINA,SOCIAL,1662.12
2025-04-02,MEXICO,ORGANIC_MEXICO,ORGANIC,2618.67
2025-04-02,MEXICO,PAID_SEARCH_MEXICO,PAID_SEARCH,1565.52
2025-04-02,MEXICO,SOCIAL_MEXICO,SOCIAL,1646.79
2025-04-02,COLOMBIA,ORGANIC_COLOMBIA,ORGANIC,1088.54
2025-04-02,COLOMBIA,PAID_SEARCH_COLOMBIA,PAID_SEARCH,2135.97
2025-04-02,COLOMBIA,SOCIAL_COLOMBIA,SOCIAL,1699.24
2025-04-02,ARGENTINA,ORGANIC_ARGENTINA,ORGANIC,776.65
2025-04-02,ARGENTINA,PAID_SEARCH_ARGENTINA,PAID_SEARCH,872.62
2025-04-02,ARGENTINA,SOCIAL_ARGENTINA,SOCIAL,1359.38
2025-04-03,MEXICO,ORGANIC_MEXICO,ORGANIC,2079.1
2025-04-03,MEXICO,PAID_SEARCH_MEXICO,PAID_SEARCH,955.01
2025-04-03,MEXICO,SOCIAL_MEXICO,SOCIAL,2603.31
2025-04-03,COLOMBIA,ORGANIC_COLOMBIA,ORGANIC,1772.7
2025-04-03,COLOMBIA,PAID_SEARCH_COLOMBIA,PAID_SEARCH,1264.02
2025-04-03,COLOMBIA,SOCIAL_COLOMBIA,SOCIAL,2888.12
2025-04-03,ARGENTINA,ORGANIC_ARGENTINA,ORGANIC,2828.62
2025-04-03,ARGENTINA,PAID_SEARCH_ARGENTINA,PAID_SEARCH,2405.88
2025-04-03,ARGENTINA,SOCIAL_ARGENTINA,SOCIAL,2451.95
2025-04-04,MEXICO,ORGANIC_MEXICO,ORGANIC,2924.95
2025-04-04,MEXICO,PAID_SEARCH_MEXICO,PAID_SEARCH,2188.7
2025-04-04,MEXICO,SOCIAL_MEXICO,SOCIAL,1919.23
2025-04-04,COLOMBIA,ORGANIC_COLOMBIA,ORGANIC,1496.64
2025-04-04,COLOMBIA,PAID_SEARCH_COLOMBIA,PAID_SEARCH,1294.32
2025-04-04,COLOMBIA,SOCIAL_COLOMBIA,SOCIAL,743.49
2025-04-04,ARGENTINA,ORGANIC_ARGENTINA,ORGANIC,842.11
2025-04-04,ARGENTINA,PAID_SEARCH_ARGENTINA,PAID_SEARCH,2195.9
2025-04-04,ARGENTINA,SOCIAL_ARGENTINA,SOCIAL,630.78
2025-04-05,MEXICO,ORGANIC_MEXICO,ORGANIC,2611.13
2025-04-05,MEXICO,PAID_SEARCH_MEXICO,PAID_SEARCH,1982.97
2025-04-05,MEXICO,SOCIAL_MEXICO,SOCIAL,1488.23
2025-04-05,COLOMBIA,ORGANIC_COLOMBIA,ORGANIC,2063.86
2025-04-05,COLOMBIA,PAID_SEARCH_COLOMBIA,PAID_SEARCH,1965.5
2025-04-05,COLOMBIA,SOCIAL_COLOMBIA,SOCIAL,2317.42
2025-04-05,ARGENTINA,ORGANIC_ARGENTINA,ORGANIC,977.94
2025-04-05,ARGENTINA,PAID_SEARCH_ARGENTINA,PAID_SEARCH,2456.57
2025-04-05,ARGENTINA,SOCIAL_ARGENTINA,SOCIAL,2613.24
2025-04-06,MEXICO,ORGANIC_MEXICO,ORGANIC,1191.92
2025-04-06,MEXICO,PAID_SEARCH_MEXICO,PAID_SEARCH,1584.45
2025-04-06,MEXICO,SOCIAL_MEXICO,SOCIAL,2009.39
2025-04-06,COLOMBIA,ORGANIC_COLOMBIA,ORGANIC,1242.79
2025-04-06,COLOMBIA,PAID_SEARCH_COLOMBIA,PAID_SEARCH,1284.26
2025-04-06,COLOMBIA,SOCIAL_COLOMBIA,SOCIAL,1281.05
2025-04-06,ARGENTINA,ORGANIC_ARGENTINA,ORGANIC,981.91
2025-04-06,ARGENTINA,PAID_SEARCH_ARGENTINA,PAID_SEARCH,2044.79
2025-04-06,ARGENTINA,SOCIAL_ARGENTINA,SOCIAL,1670.75
2025-04-07,MEXICO,ORGANIC_MEXICO,ORGANIC,2833.06
2025-04-07,MEXICO,PAID_SEARCH_MEXICO,PAID_SEARCH,1068.41
2025-04-07,MEXICO,SOCIAL_MEXICO,SOCIAL,1571.1
2025-04-07,COLOMBIA,ORGANIC_COLOMBIA,ORGANIC,2024.73
2025-04-07,COLOMBIA,PAID_SEARCH_COLOMBIA,PAID_SEARCH,730.82
2025-04-07,COLOMBIA,SOCIAL_COLOMBIA,SOCIAL,1831.64
2025-04-07,ARGENTINA,ORGANIC_ARGENTINA,ORGANIC,1489.46
2025-04-07,ARGENTINA,PAID_SEARCH_ARGENTINA,PAID_SEARCH,1423.21
2025-04-07,ARGENTINA,SOCIAL_ARGENTINA,SOCIAL,788.44
2025-04-08,MEXICO,ORGANIC_MEXICO,ORGANIC,1619.03
2025-04-08,MEXICO,PAID_SEARCH_MEXICO,PAID_SEARCH,2997.21
2025-04-08,MEXICO,SOCIAL_MEXICO,SOCIAL,2306.55
2025-04-08,COLOMBIA,ORGANIC_COLOMBIA,ORGANIC,2706.41
2025-04-08,COLOMBIA,PAID_SEARCH_COLOMBIA,PAID_SEARCH,803.34
2025-04-08,COLOMBIA,SOCIAL_COLOMBIA,SOCIAL,905.32
2025-04-08,ARGENTINA,ORGANIC_ARGENTINA,ORGANIC,959.84
2025-04-08,ARGENTINA,PAID_SEARCH_ARGENTINA,PAID_SEARCH,2825.69
2025-04-08,ARGENTINA,SOCIAL_ARGENTINA,SOCIAL,2267.89
2025-04-09,MEXICO,ORGANIC_MEXICO,ORGANIC,821.65
2025-04-09,MEXICO,PAID_SEARCH_MEXICO,PAID_SEARCH,2675.0
2025-04-09,MEXICO,SOCIAL_MEXICO,SOCIAL,2186.09
2025-04-09,COLOMBIA,ORGANIC_COLOMBIA,ORGANIC,1466.77
2025-04-09,COLOMBIA,PAID_SEARCH_COLOMBIA,PAID_SEARCH,2843.17
2025-04-09,COLOMBIA,SOCIAL_COLOMBIA,SOCIAL,2524.52
2025-04-09,ARGENTINA,ORGANIC_ARGENTINA,ORGANIC,2084.06
2025-04-09,ARGENTINA,PAID_SEARCH_ARGENTINA,PAID_SEARCH,1620.5
2025-04-09,ARGENTINA,SOCIAL_ARGENTINA,SOCIAL,1617.24
2025-04-10,MEXICO,ORGANIC_MEXICO,ORGANIC,530.09
2025-04-10,MEXICO,PAID_SEARCH_MEXICO,PAID_SEARCH,900.22
2025-04-10,MEXICO,SOCIAL_MEXICO,SOCIAL,2985.3
2025-04-10,COLOMBIA,ORGANIC_COLOMBIA,ORGANIC,1457.55
2025-04-10,COLOMBIA,PAID_SEARCH_COLOMBIA,PAID_SEARCH,605.02
2025-04-10,COLOMBIA,SOCIAL_COLOMBIA,SOCIAL,836.96
2025-04-10,ARGENTINA,ORGANIC_ARGENTINA,ORGANIC,1568.67
2025-04-10,ARGENTINA,PAID_SEARCH_ARGENTINA,PAID_SEARCH,568.23
2025-04-10,ARGENTINA,SOCIAL_ARGENTINA,SOCIAL,2641.67
2025-04-11,MEXICO,ORGANIC_MEXICO,ORGANIC,648.7
2025-04-11,MEXICO,PAID_SEARCH_MEXICO,PAID_SEARCH,1998.4
2025-04-11,MEXICO,SOCIAL_MEXICO,SOCIAL,1019.84
2025-04-11,COLOMBIA,ORGANIC_COLOMBIA,ORGANIC,1094.33
2025-04-11,COLOMBIA,PAID_SEARCH_COLOMBIA,PAID_SEARCH,1805.77
2025-04-11,COLOMBIA,SOCIAL_COLOMBIA,SOCIAL,1248.96
2025-04-11,ARGENTINA,ORGANIC_ARGENTINA,ORGANIC,2797.2
2025-04-11,ARGENTINA,PAID_SEARCH_ARGENTINA,PAID_SEARCH,1975.86
2025-04-11,ARGENTINA,SOCIAL_ARGENTINA,SOCIAL,529.41
2025-04-12,MEXICO,ORGANIC_MEXICO,ORGANIC,2544.38
2025-04-12,MEXICO,PAID_SEARCH_MEXICO,PAID_SEARCH,2012.43
2025-04-12,MEXICO,SOCIAL_MEXICO,SOCIAL,1096.23
2025-04-12,COLOMBIA,ORGANIC_COLOMBIA,ORGANIC,1141.81
2025-04-12,COLOMBIA,PAID_SEARCH_COLOMBIA,PAID_SEARCH,2129.3
2025-04-12,COLOMBIA,SOCIAL_COLOMBIA,SOCIAL,2552.18
2025-04-12,ARGENTINA,ORGANIC_ARGENTINA,ORGANIC,1722.17
2025-04-12,ARGENTINA,PAID_SEARCH_ARGENTINA,PAID_SEARCH,1648.06
2025-04-12,ARGENTINA,SOCIAL_ARGENTINA,SOCIAL,2414.69
2025-04-13,MEXICO,ORGANIC_MEXICO,ORGANIC,998.5
2025-04-13,MEXICO,PAID_SEARCH_MEXICO,PAID_SEARCH,1146.51
2025-04-13,MEXICO,SOCIAL_MEXICO,SOCIAL,1792.3
2025-04-13,COLOMBIA,ORGANIC_COLOMBIA,ORGANIC,2781.69
2025-04-13,COLOMBIA,PAID_SEARCH_COLOMBIA,PAID_SEARCH,1282.75
2025-04-13,COLOMBIA,SOCIAL_COLOMBIA,SOCIAL,1714.96
2025-04-13,ARGENTINA,ORGANIC_ARGENTINA,ORGANIC,1755.88
2025-04-13,ARGENTINA,PAID_SEARCH_ARGENTINA,PAID_SEARCH,750.85
2025-04-13,ARGENTINA,SOCIAL_ARGENTINA,SOCIAL,1189.58
2025-04-14,MEXICO,ORGANIC_MEXICO,ORGANIC,937.27
2025-04-14,MEXICO,PAID_SEARCH_MEXICO,PAID_SEARCH,770.89
2025-04-14,MEXICO,SOCIAL_MEXICO,SOCIAL,2972.83
2025-04-14,COLOMBIA,ORGANIC_COLOMBIA,ORGANIC,1280.83
2025-04-14,COLOMBIA,PAID_SEARCH_COLOMBIA,PAID_SEARCH,1254.61
2025-04-14,COLOMBIA,SOCIAL_COLOMBIA,SOCIAL,825.87
2025-04-14,ARGENTINA,ORGANIC_ARGENTINA,ORGANIC,1502.33
2025-04-14,ARGENTINA,PAID_SEARCH_ARGENTINA,PAID_SEARCH,2821.06
2025-04-14,ARGENTINA,SOCIAL_ARGENTINA,SOCIAL,640.98
2025-04-15,MEXICO,ORGANIC_MEXICO,ORGANIC,1494.61
2025-04-15,MEXICO,PAID_SEARCH_MEXICO,PAID_SEARCH,2547.24
2025-04-15,MEXICO,SOCIAL_MEXICO,SOCIAL,2941.47
2025-04-15,COLOMBIA,ORGANIC_COLOMBIA,ORGANIC,2850.39
2025-04-15,COLOMBIA,PAID_SEARCH_COLOMBIA,PAID_SEARCH,1051.63
2025-04-15,COLOMBIA,SOCIAL_COLOMBIA,SOCIAL,1246.96
2025-04-15,ARGENTINA,ORGANIC_ARGENTINA,ORGANIC,2435.64
2025-04-15,ARGENTINA,PAID_SEARCH_ARGENTINA,PAID_SEARCH,1064.27
2025-04-15,ARGENTINA,SOCIAL_ARGENTINA,SOCIAL,1838.18
2025-04-16,MEXICO,ORGANIC_MEXICO,ORGANIC,822.63
2025-04-16,MEXICO,PAID_SEARCH_MEXICO,PAID_SEARCH,594.56
2025-04-16,MEXICO,SOCIAL_MEXICO,SOCIAL,948.58
2025-04-16,COLOMBIA,ORGANIC_COLOMBIA,ORGANIC,608.25
2025-04-16,COLOMBIA,PAID_SEARCH_COLOMBIA,PAID_SEARCH,2566.05
2025-04-16,COLOMBIA,SOCIAL_COLOMBIA,SOCIAL,566.53
2025-04-16,ARGENTINA,ORGANIC_ARGENTINA,ORGANIC,847.78
2025-04-16,ARGENTINA,PAID_SEARCH_ARGENTINA,PAID_SEARCH,1056.46
2025-04-16,ARGENTINA,SOCIAL_ARGENTINA,SOCIAL,645.59
2025-04-17,MEXICO,ORGANIC_MEXICO,ORGANIC,1281.69
2025-04-17,MEXICO,PAID_SEARCH_MEXICO,PAID_SEARCH,1679.03
2025-04-17,MEXICO,SOCIAL_MEXICO,SOCIAL,2613.53
2025-04-17,COLOMBIA,ORGANIC_COLOMBIA,ORGANIC,2718.5
2025-04-17,COLOMBIA,PAID_SEARCH_COLOMBIA,PAID_SEARCH,1376.71
2025-04-17,COLOMBIA,SOCIAL_COLOMBIA,SOCIAL,2544.17
2025-04-17,ARGENTINA,ORGANIC_ARGENTINA,ORGANIC,552.76
2025-04-17,ARGENTINA,PAID_SEARCH_ARGENTINA,PAID_SEARCH,1927.66
2025-04-17,ARGENTINA,SOCIAL_ARGENTINA,SOCIAL,1120.11
2025-04-18,MEXICO,ORGANIC_MEXICO,ORGANIC,1331.29
2025-04-18,MEXICO,PAID_SEARCH_MEXICO,PAID_SEARCH,685.69
2025-04-18,MEXICO,SOCIAL_MEXICO,SOCIAL,1292.88
2025-04-18,COLOMBIA,ORGANIC_COLOMBIA,ORGANIC,2001.17
2025-04-18,COLOMBIA,PAID_SEARCH_COLOMBIA,PAID_SEARCH,1531.17
2025-04-18,COLOMBIA,SOCIAL_COLOMBIA,SOCIAL,1802.53
2025-04-18,ARGENTINA,ORGANIC_ARGENTINA,ORGANIC,1837.64
2025-04-18,ARGENTINA,PAID_SEARCH_ARGENTINA,PAID_SEARCH,737.35
2025-04-18,ARGENTINA,SOCIAL_ARGENTINA,SOCIAL,2963.99
2025-04-19,MEXICO,ORGANIC_MEXICO,ORGANIC,1911.35
2025-04-19,MEXICO,PAID_SEARCH_MEXICO,PAID_SEARCH,889.34
2025-04-19,MEXICO,SOCIAL_MEXICO,SOCIAL,1271.51
2025-04-19,COLOMBIA,ORGANIC_COLOMBIA,ORGANIC,1733.01
2025-04-19,COLOMBIA,PAID_SEARCH_COLOMBIA,PAID_SEARCH,2511.43
2025-04-19,COLOMBIA,SOCIAL_COLOMBIA,SOCIAL,2611.02
2025-04-19,ARGENTINA,ORGANIC_ARGENTINA,ORGANIC,1592.65
2025-04-19,ARGENTINA,PAID_SEARCH_ARGENTINA,PAID_SEARCH,1288.65
2025-04-19,ARGENTINA,SOCIAL_ARGENTINA,SOCIAL,1978.68
2025-04-20,MEXICO,ORGANIC_MEXICO,ORGANIC,1284.19
2025-04-20,MEXICO,PAID_SEARCH_MEXICO,PAID_SEARCH,1876.04
2025-04-20,MEXICO,SOCIAL_MEXICO,SOCIAL,1303.59
2025-04-20,COLOMBIA,ORGANIC_COLOMBIA,ORGANIC,1141.41
2025-04-20,COLOMBIA,PAID_SEARCH_COLOMBIA,PAID_SEARCH,1852.97
2025-04-20,COLOMBIA,SOCIAL_COLOMBIA,SOCIAL,1523.78
2025-04-20,ARGENTINA,ORGANIC_ARGENTINA,ORGANIC,1053.53
2025-04-20,ARGENTINA,PAID_SEARCH_ARGENTINA,PAID_SEARCH,1063.51
2025-04-20,ARGENTINA,SOCIAL_ARGENTINA,SOCIAL,1976.55
2025-04-21,MEXICO,ORGANIC_MEXICO,ORGANIC,2272.37
2025-04-21,MEXICO,PAID_SEARCH_MEXICO,PAID_SEARCH,2996.17
2025-04-21,MEXICO,SOCIAL_MEXICO,SOCIAL,2565.03
2025-04-21,COLOMBIA,ORGANIC_COLOMBIA,ORGANIC,1006.44
2025-04-21,COLOMBIA,PAID_SEARCH_COLOMBIA,PAID_SEARCH,777.23
2025-04-21,COLOMBIA,SOCIAL_COLOMBIA,SOCIAL,741.92
2025-04-21,ARGENTINA,ORGANIC_ARGENTINA,ORGANIC,2822.89
2025-04-21,ARGENTINA,PAID_SEARCH_ARGENTINA,PAID_SEARCH,567.44
2025-04-21,ARGENTINA,SOCIAL_ARGENTINA,SOCIAL,923.22
2025-04-22,MEXICO,ORGANIC_MEXICO,ORGANIC,1893.79
2025-04-22,MEXICO,PAID_SEARCH_MEXICO,PAID_SEARCH,908.37
2025-04-22,MEXICO,SOCIAL_MEXICO,SOCIAL,2442.91
2025-04-22,COLOMBIA,ORGANIC_COLOMBIA,ORGANIC,1680.74
2025-04-22,COLOMBIA,PAID_SEARCH_COLOMBIA,PAID_SEARCH,2481.71
2025-04-22,COLOMBIA,SOCIAL_COLOMBIA,SOCIAL,1095.04
2025-04-22,ARGENTINA,ORGANIC_ARGENTINA,ORGANIC,2823.71
2025-04-22,ARGENTINA,PAID_SEARCH_ARGENTINA,PAID_SEARCH,1944.43
2025-04-22,ARGENTINA,SOCIAL_ARGENTINA,SOCIAL,1433.06
2025-04-23,MEXICO,ORGANIC_MEXICO,ORGANIC,1129.78
2025-04-23,MEXICO,PAID_SEARCH_MEXICO,PAID_SEARCH,614.26
2025-04-23,MEXICO,SOCIAL_MEXICO,SOCIAL,1129.52
2025-04-23,COLOMBIA,ORGANIC_COLOMBIA,ORGANIC,1262.89
2025-04-23,COLOMBIA,PAID_SEARCH_COLOMBIA,PAID_SEARCH,666.44
2025-04-23,COLOMBIA,SOCIAL_COLOMBIA,SOCIAL,1829.06
2025-04-23,ARGENTINA,ORGANIC_ARGENTINA,ORGANIC,1700.03
2025-04-23,ARGENTINA,PAID_SEARCH_ARGENTINA,PAID_SEARCH,2611.31
2025-04-23,ARGENTINA,SOCIAL_ARGENTINA,SOCIAL,533.26
2025-04-24,MEXICO,ORGANIC_MEXICO,ORGANIC,2044.46
2025-04-24,MEXICO,PAID_SEARCH_MEXICO,PAID_SEARCH,1488.65
2025-04-24,MEXICO,SOCIAL_MEXICO,SOCIAL,2084.1
2025-04-24,COLOMBIA,ORGANIC_COLOMBIA,ORGANIC,1018.16
2025-04-24,COLOMBIA,PAID_SEARCH_COLOMBIA,PAID_SEARCH,1690.43
2025-04-24,COLOMBIA,SOCIAL_COLOMBIA,SOCIAL,654.09
2025-04-24,ARGENTINA,ORGANIC_ARGENTINA,ORGANIC,2186.89
2025-04-24,ARGENTINA,PAID_SEARCH_ARGENTINA,PAID_SEARCH,562.54
2025-04-24,ARGENTINA,SOCIAL_ARGENTINA,SOCIAL,2036.86
2025-04-25,MEXICO,ORGANIC_MEXICO,ORGANIC,2386.72
2025-04-25,MEXICO,PAID_SEARCH_MEXICO,PAID_SEARCH,1969.2
2025-04-25,MEXICO,SOCIAL_MEXICO,SOCIAL,2703.03
2025-04-25,COLOMBIA,ORGANIC_COLOMBIA,ORGANIC,1766.91
2025-04-25,COLOMBIA,PAID_SEARCH_COLOMBIA,PAID_SEARCH,1306.41
2025-04-25,COLOMBIA,SOCIAL_COLOMBIA,SOCIAL,875.18
2025-04-25,ARGENTINA,ORGANIC_ARGENTINA,ORGANIC,2080.03
2025-04-25,ARGENTINA,PAID_SEARCH_ARGENTINA,PAID_SEARCH,1599.28
2025-04-25,ARGENTINA,SOCIAL_ARGENTINA,SOCIAL,2734.16
2025-04-26,MEXICO,ORGANIC_MEXICO,ORGANIC,948.6
2025-04-26,MEXICO,PAID_SEARCH_MEXICO,PAID_SEARCH,1633.72
2025-04-26,MEXICO,SOCIAL_MEXICO,SOCIAL,1312.54
2025-04-26,COLOMBIA,ORGANIC_COLOMBIA,ORGANIC,1813.5
2025-04-26,COLOMBIA,PAID_SEARCH_COLOMBIA,PAID_SEARCH,2839.17
2025-04-26,COLOMBIA,SOCIAL_COLOMBIA,SOCIAL,2264.98
2025-04-26,ARGENTINA,ORGANIC_ARGENTINA,ORGANIC,1003.21
2025-04-26,ARGENTINA,PAID_SEARCH_ARGENTINA,PAID_SEARCH,611.18
2025-04-26,ARGENTINA,SOCIAL_ARGENTINA,SOCIAL,1541.78
2025-04-27,MEXICO,ORGANIC_MEXICO,ORGANIC,925.58
2025-04-27,MEXICO,PAID_SEARCH_MEXICO,PAID_SEARCH,1453.88
2025-04-27,MEXICO,SOCIAL_MEXICO,SOCIAL,1422.36
2025-04-27,COLOMBIA,ORGANIC_COLOMBIA,ORGANIC,2570.16
2025-04-27,COLOMBIA,PAID_SEARCH_COLOMBIA,PAID_SEARCH,2326.63
2025-04-27,COLOMBIA,SOCIAL_COLOMBIA,SOCIAL,785.18
2025-04-27,ARGENTINA,ORGANIC_ARGENTINA,ORGANIC,1933.99
2025-04-27,ARGENTINA,PAID_SEARCH_ARGENTINA,PAID_SEARCH,2424.53
2025-04-27,ARGENTINA,SOCIAL_ARGENTINA,SOCIAL,735.66
2025-04-28,MEXICO,ORGANIC_MEXICO,ORGANIC,2818.57
2025-04-28,MEXICO,PAID_SEARCH_MEXICO,PAID_SEARCH,1961.82
2025-04-28,MEXICO,SOCIAL_MEXICO,SOCIAL,2663.32
2025-04-28,COLOMBIA,ORGANIC_COLOMBIA,ORGANIC,1066.53
2025-04-28,COLOMBIA,PAID_SEARCH_COLOMBIA,PAID_SEARCH,1300.17
2025-04-28,COLOMBIA,SOCIAL_COLOMBIA,SOCIAL,2651.21
2025-04-28,ARGENTINA,ORGANIC_ARGENTINA,ORGANIC,585.09
2025-04-28,ARGENTINA,PAID_SEARCH_ARGENTINA,PAID_SEARCH,670.13
2025-04-28,ARGENTINA,SOCIAL_ARGENTINA,SOCIAL,2376.12
2025-04-29,MEXICO,ORGANIC_MEXICO,ORGANIC,1225.31
2025-04-29,MEXICO,PAID_SEARCH_MEXICO,PAID_SEARCH,2709.97
2025-04-29,MEXICO,SOCIAL_MEXICO,SOCIAL,1925.3
2025-04-29,COLOMBIA,ORGANIC_COLOMBIA,ORGANIC,1671.9
2025-04-29,COLOMBIA,PAID_SEARCH_COLOMBIA,PAID_SEARCH,1337.15
2025-04-29,COLOMBIA,SOCIAL_COLOMBIA,SOCIAL,1267.94
2025-04-29,ARGENTINA,ORGANIC_ARGENTINA,ORGANIC,1610.19
2025-04-29,ARGENTINA,PAID_SEARCH_ARGENTINA,PAID_SEARCH,1890.25
2025-04-29,ARGENTINA,SOCIAL_ARGENTINA,SOCIAL,1623.33
2025-04-30,MEXICO,ORGANIC_MEXICO,ORGANIC,2916.94
2025-04-30,MEXICO,PAID_SEARCH_MEXICO,PAID_SEARCH,1338.84
2025-04-30,MEXICO,SOCIAL_MEXICO,SOCIAL,1012.43
2025-04-30,COLOMBIA,ORGANIC_COLOMBIA,ORGANIC,2917.53
2025-04-30,COLOMBIA,PAID_SEARCH_COLOMBIA,PAID_SEARCH,935.46
2025-04-30,COLOMBIA,SOCIAL_COLOMBIA,SOCIAL,1029.55
2025-04-30,ARGENTINA,ORGANIC_ARGENTINA,ORGANIC,846.33
2025-04-30,ARGENTINA,PAID_SEARCH_ARGENTINA,PAID_SEARCH,864.43
2025-04-30,ARGENTINA,SOCIAL_ARGENTINA,SOCIAL,1739.55
2025-05-01,MEXICO,ORGANIC_MEXICO,ORGANIC,2851.59
2025-05-01,MEXICO,PAID_SEARCH_MEXICO,PAID_SEARCH,569.82
2025-05-01,MEXICO,SOCIAL_MEXICO,SOCIAL,2902.12
2025-05-01,COLOMBIA,ORGANIC_COLOMBIA,ORGANIC,2406.33
2025-05-01,COLOMBIA,PAID_SEARCH_COLOMBIA,PAID_SEARCH,2467.79
2025-05-01,COLOMBIA,SOCIAL_COLOMBIA,SOCIAL,2588.51
2025-05-01,ARGENTINA,ORGANIC_ARGENTINA,ORGANIC,1148.26
2025-05-01,ARGENTINA,PAID_SEARCH_ARGENTINA,PAID_SEARCH,1649.66
2025-05-01,ARGENTINA,SOCIAL_ARGENTINA,SOCIAL,2990.09
2025-05-02,MEXICO,ORGANIC_MEXICO,ORGANIC,605.99
2025-05-02,MEXICO,PAID_SEARCH_MEXICO,PAID_SEARCH,2974.84
2025-05-02,MEXICO,SOCIAL_MEXICO,SOCIAL,1826.62
2025-05-02,COLOMBIA,ORGANIC_COLOMBIA,ORGANIC,2704.59
2025-05-02,COLOMBIA,PAID_SEARCH_COLOMBIA,PAID_SEARCH,687.9
2025-05-02,COLOMBIA,SOCIAL_COLOMBIA,SOCIAL,2240.67
2025-05-02,ARGENTINA,ORGANIC_ARGENTINA,ORGANIC,1571.99
2025-05-02,ARGENTINA,PAID_SEARCH_ARGENTINA,PAID_SEARCH,788.42
2025-05-02,ARGENTINA,SOCIAL_ARGENTINA,SOCIAL,2324.18
2025-05-03,MEXICO,ORGANIC_MEXICO,ORGANIC,1490.89
2025-05-03,MEXICO,PAID_SEARCH_MEXICO,PAID_SEARCH,2040.14
2025-05-03,MEXICO,SOCIAL_MEXICO,SOCIAL,2587.21
2025-05-03,COLOMBIA,ORGANIC_COLOMBIA,ORGANIC,1548.25
2025-05-03,COLOMBIA,PAID_SEARCH_COLOMBIA,PAID_SEARCH,769.59
2025-05-03,COLOMBIA,SOCIAL_COLOMBIA,SOCIAL,1734.17
2025-05-03,ARGENTINA,ORGANIC_ARGENTINA,ORGANIC,2776.26
2025-05-03,ARGENTINA,PAID_SEARCH_ARGENTINA,PAID_SEARCH,2382.16
2025-05-03,ARGENTINA,SOCIAL_ARGENTINA,SOCIAL,1460.05
2025-05-04,MEXICO,ORGANIC_MEXICO,ORGANIC,1466.42
2025-05-04,MEXICO,PAID_SEARCH_MEXICO,PAID_SEARCH,1065.01
2025-05-04,MEXICO,SOCIAL_MEXICO,SOCIAL,700.87
2025-05-04,COLOMBIA,ORGANIC_COLOMBIA,ORGANIC,2029.19
2025-05-04,COLOMBIA,PAID_SEARCH_COLOMBIA,PAID_SEARCH,1132.92
2025-05-04,COLOMBIA,SOCIAL_COLOMBIA,SOCIAL,1393.33
2025-05-04,ARGENTINA,ORGANIC_ARGENTINA,ORGANIC,2161.7
2025-05-04,ARGENTINA,PAID_SEARCH_ARGENTINA,PAID_SEARCH,1178.2
2025-05-04,ARGENTINA,SOCIAL_ARGENTINA,SOCIAL,2052.55
2025-05-05,MEXICO,ORGANIC_MEXICO,ORGANIC,648.03
2025-05-05,MEXICO,PAID_SEARCH_MEXICO,PAID_SEARCH,915.69
2025-05-05,MEXICO,SOCIAL_MEXICO,SOCIAL,2725.8
2025-05-05,COLOMBIA,ORGANIC_COLOMBIA,ORGANIC,2207.26
2025-05-05,COLOMBIA,PAID_SEARCH_COLOMBIA,PAID_SEARCH,2463.91
2025-05-05,COLOMBIA,SOCIAL_COLOMBIA,SOCIAL,2980.48
2025-05-05,ARGENTINA,ORGANIC_ARGENTINA,ORGANIC,2492.03
2025-05-05,ARGENTINA,PAID_SEARCH_ARGENTINA,PAID_SEARCH,1409.26
2025-05-05,ARGENTINA,SOCIAL_ARGENTINA,SOCIAL,2637.56
2025-05-06,MEXICO,ORGANIC_MEXICO,ORGANIC,1336.86
2025-05-06,MEXICO,PAID_SEARCH_MEXICO,PAID_SEARCH,2663.57
2025-05-06,MEXICO,SOCIAL_MEXICO,SOCIAL,946.67
2025-05-06,COLOMBIA,ORGANIC_COLOMBIA,ORGANIC,520.49
2025-05-06,COLOMBIA,PAID_SEARCH_COLOMBIA,PAID_SEARCH,1042.26
2025-05-06,COLOMBIA,SOCIAL_COLOMBIA,SOCIAL,653.36
2025-05-06,ARGENTINA,ORGANIC_ARGENTINA,ORGANIC,2611.16
2025-05-06,ARGENTINA,PAID_SEARCH_ARGENTINA,PAID_SEARCH,1580.81
2025-05-06,ARGENTINA,SOCIAL_ARGENTINA,SOCIAL,1228.31
2025-05-07,MEXICO,ORGANIC_MEXICO,ORGANIC,2014.7
2025-05-07,MEXICO,PAID_SEARCH_MEXICO,PAID_SEARCH,2238.21
2025-05-07,MEXICO,SOCIAL_MEXICO,SOCIAL,722.6
2025-05-07,COLOMBIA,ORGANIC_COLOMBIA,ORGANIC,1674.2
2025-05-07,COLOMBIA,PAID_SEARCH_COLOMBIA,PAID_SEARCH,1327.55
2025-05-07,COLOMBIA,SOCIAL_COLOMBIA,SOCIAL,2228.71
2025-05-07,ARGENTINA,ORGANIC_ARGENTINA,ORGANIC,2772.91
2025-05-07,ARGENTINA,PAID_SEARCH_ARGENTINA,PAID_SEARCH,2061.54
2025-05-07,ARGENTINA,SOCIAL_ARGENTINA,SOCIAL,2218.4
2025-05-08,MEXICO,ORGANIC_MEXICO,ORGANIC,1128.41
2025-05-08,MEXICO,PAID_SEARCH_MEXICO,PAID_SEARCH,2908.08
2025-05-08,MEXICO,SOCIAL_MEXICO,SOCIAL,2143.51
2025-05-08,COLOMBIA,ORGANIC_COLOMBIA,ORGANIC,1892.26
2025-05-08,COLOMBIA,PAID_SEARCH_COLOMBIA,PAID_SEARCH,536.75
2025-05-08,COLOMBIA,SOCIAL_COLOMBIA,SOCIAL,1977.14
2025-05-08,ARGENTINA,ORGANIC_ARGENTINA,ORGANIC,2741.98
2025-05-08,ARGENTINA,PAID_SEARCH_ARGENTINA,PAID_SEARCH,1489.06
2025-05-08,ARGENTINA,SOCIAL_ARGENTINA,SOCIAL,2060.3
2025-05-09,MEXICO,ORGANIC_MEXICO,ORGANIC,2806.78
2025-05-09,MEXICO,PAID_SEARCH_MEXICO,PAID_SEARCH,846.95
2025-05-09,MEXICO,SOCIAL_MEXICO,SOCIAL,2427.19
2025-05-09,COLOMBIA,ORGANIC_COLOMBIA,ORGANIC,2252.03
2025-05-09,COLOMBIA,PAID_SEARCH_COLOMBIA,PAID_SEARCH,1082.27
2025-05-09,COLOMBIA,SOCIAL_COLOMBIA,SOCIAL,2115.25
2025-05-09,ARGENTINA,ORGANIC_ARGENTINA,ORGANIC,2696.62
2025-05-09,ARGENTINA,PAID_SEARCH_ARGENTINA,PAID_SEARCH,528.67
2025-05-09,ARGENTINA,SOCIAL_ARGENTINA,SOCIAL,2486.07
2025-05-10,MEXICO,ORGANIC_MEXICO,ORGANIC,943.36
2025-05-10,MEXICO,PAID_SEARCH_MEXICO,PAID_SEARCH,2752.24
2025-05-10,MEXICO,SOCIAL_MEXICO,SOCIAL,1276.47
2025-05-10,COLOMBIA,ORGANIC_COLOMBIA,ORGANIC,986.84
2025-05-10,COLOMBIA,PAID_SEARCH_COLOMBIA,PAID_SEARCH,1028.75
2025-05-10,COLOMBIA,SOCIAL_COLOMBIA,SOCIAL,2922.73
2025-05-10,ARGENTINA,ORGANIC_ARGENTINA,ORGANIC,2902.08
2025-05-10,ARGENTINA,PAID_SEARCH_ARGENTINA,PAID_SEARCH,1284.93
2025-05-10,ARGENTINA,SOCIAL_ARGENTINA,SOCIAL,1796.13
2025-05-11,MEXICO,ORGANIC_MEXICO,ORGANIC,1870.08
2025-05-11,MEXICO,PAID_SEARCH_MEXICO,PAID_SEARCH,2289.29
2025-05-11,MEXICO,SOCIAL_MEXICO,SOCIAL,716.33
2025-05-11,COLOMBIA,ORGANIC_COLOMBIA,ORGANIC,2304.82
2025-05-11,COLOMBIA,PAID_SEARCH_COLOMBIA,PAID_SEARCH,1421.99
2025-05-11,COLOMBIA,SOCIAL_COLOMBIA,SOCIAL,2824.1
2025-05-11,ARGENTINA,ORGANIC_ARGENTINA,ORGANIC,2695.02
2025-05-11,ARGENTINA,PAID_SEARCH_ARGENTINA,PAID_SEARCH,677.93
2025-05-11,ARGENTINA,SOCIAL_ARGENTINA,SOCIAL,677.76
2025-05-12,MEXICO,ORGANIC_MEXICO,ORGANIC,1340.68
2025-05-12,MEXICO,PAID_SEARCH_MEXICO,PAID_SEARCH,948.06
2025-05-12,MEXICO,SOCIAL_MEXICO,SOCIAL,2736.4
2025-05-12,COLOMBIA,ORGANIC_COLOMBIA,ORGANIC,2519.44
2025-05-12,COLOMBIA,PAID_SEARCH_COLOMBIA,PAID_SEARCH,896.64
2025-05-12,COLOMBIA,SOCIAL_COLOMBIA,SOCIAL,1514.16
2025-05-12,ARGENTINA,ORGANIC_ARGENTINA,ORGANIC,1437.93
2025-05-12,ARGENTINA,PAID_SEARCH_ARGENTINA,PAID_SEARCH,1738.81
2025-05-12,ARGENTINA,SOCIAL_ARGENTINA,SOCIAL,2890.26
2025-05-13,MEXICO,ORGANIC_MEXICO,ORGANIC,1353.06
2025-05-13,MEXICO,PAID_SEARCH_MEXICO,PAID_SEARCH,1463.94
2025-05-13,MEXICO,SOCIAL_MEXICO,SOCIAL,2993.12
2025-05-13,COLOMBIA,ORGANIC_COLOMBIA,ORGANIC,1160.03
2025-05-13,COLOMBIA,PAID_SEARCH_COLOMBIA,PAID_SEARCH,569.62
2025-05-13,COLOMBIA,SOCIAL_COLOMBIA,SOCIAL,1713.05
2025-05-13,ARGENTINA,ORGANIC_ARGENTINA,ORGANIC,2682.01
2025-05-13,ARGENTINA,PAID_SEARCH_ARGENTINA,PAID_SEARCH,1562.02
2025-05-13,ARGENTINA,SOCIAL_ARGENTINA,SOCIAL,1491.82
2025-05-14,MEXICO,ORGANIC_MEXICO,ORGANIC,555.63
2025-05-14,MEXICO,PAID_SEARCH_MEXICO,PAID_SEARCH,1828.94
2025-05-14,MEXICO,SOCIAL_MEXICO,SOCIAL,904.55
2025-05-14,COLOMBIA,ORGANIC_COLOMBIA,ORGANIC,2494.83
2025-05-14,COLOMBIA,PAID_SEARCH_COLOMBIA,PAID_SEARCH,1619.94
2025-05-14,COLOMBIA,SOCIAL_COLOMBIA,SOCIAL,1461.46
2025-05-14,ARGENTINA,ORGANIC_ARGENTINA,ORGANIC,1480.95
2025-05-14,ARGENTINA,PAID_SEARCH_ARGENTINA,PAID_SEARCH,744.87
2025-05-14,ARGENTINA,SOCIAL_ARGENTINA,SOCIAL,1588.79
2025-05-15,MEXICO,ORGANIC_MEXICO,ORGANIC,2692.4
2025-05-15,MEXICO,PAID_SEARCH_MEXICO,PAID_SEARCH,2424.47
2025-05-15,MEXICO,SOCIAL_MEXICO,SOCIAL,1111.38
2025-05-15,COLOMBIA,ORGANIC_COLOMBIA,ORGANIC,2601.03
2025-05-15,COLOMBIA,PAID_SEARCH_COLOMBIA,PAID_SEARCH,1583.01
2025-05-15,COLOMBIA,SOCIAL_COLOMBIA,SOCIAL,1759.73
2025-05-15,ARGENTINA,ORGANIC_ARGENTINA,ORGANIC,935.04
2025-05-15,ARGENTINA,PAID_SEARCH_ARGENTINA,PAID_SEARCH,2161.22
2025-05-15,ARGENTINA,SOCIAL_ARGENTINA,SOCIAL,1669.26
2025-05-16,MEXICO,ORGANIC_MEXICO,ORGANIC,649.84
2025-05-16,MEXICO,PAID_SEARCH_MEXICO,PAID_SEARCH,534.47
2025-05-16,MEXICO,SOCIAL_MEXICO,SOCIAL,2039.43
2025-05-16,COLOMBIA,ORGANIC_COLOMBIA,ORGANIC,2047.01
2025-05-16,COLOMBIA,PAID_SEARCH_COLOMBIA,PAID_SEARCH,2685.95
2025-05-16,COLOMBIA,SOCIAL_COLOMBIA,SOCIAL,2198.65
2025-05-16,ARGENTINA,ORGANIC_ARGENTINA,ORGANIC,1048.0
2025-05-16,ARGENTINA,PAID_SEARCH_ARGENTINA,PAID_SEARCH,2579.89
2025-05-16,ARGENTINA,SOCIAL_ARGENTINA,SOCIAL,2551.62
2025-05-17,MEXICO,ORGANIC_MEXICO,ORGANIC,1267.54
2025-05-17,MEXICO,PAID_SEARCH_MEXICO,PAID_SEARCH,1339.37
2025-05-17,MEXICO,SOCIAL_MEXICO,SOCIAL,806.06
2025-05-17,COLOMBIA,ORGANIC_COLOMBIA,ORGANIC,584.3
2025-05-17,COLOMBIA,PAID_SEARCH_COLOMBIA,PAID_SEARCH,864.29
2025-05-17,COLOMBIA,SOCIAL_COLOMBIA,SOCIAL,1205.25
2025-05-17,ARGENTINA,ORGANIC_ARGENTINA,ORGANIC,953.03
2025-05-17,ARGENTINA,PAID_SEARCH_ARGENTINA,PAID_SEARCH,1343.76
2025-05-17,ARGENTINA,SOCIAL_ARGENTINA,SOCIAL,1654.8
2025-05-18,MEXICO,ORGANIC_MEXICO,ORGANIC,2719.56
2025-05-18,MEXICO,PAID_SEARCH_MEXICO,PAID_SEARCH,1818.64
2025-05-18,MEXICO,SOCIAL_MEXICO,SOCIAL,1877.49
2025-05-18,COLOMBIA,ORGANIC_COLOMBIA,ORGANIC,2298.38
2025-05-18,COLOMBIA,PAID_SEARCH_COLOMBIA,PAID_SEARCH,2778.11
2025-05-18,COLOMBIA,SOCIAL_COLOMBIA,SOCIAL,1700.56
2025-05-18,ARGENTINA,ORGANIC_ARGENTINA,ORGANIC,2334.63
2025-05-18,ARGENTINA,PAID_SEARCH_ARGENTINA,PAID_SEARCH,794.44
2025-05-18,ARGENTINA,SOCIAL_ARGENTINA,SOCIAL,1774.99
2025-05-19,MEXICO,ORGANIC_MEXICO,ORGANIC,850.81
2025-05-19,MEXICO,PAID_SEARCH_MEXICO,PAID_SEARCH,590.59
2025-05-19,MEXICO,SOCIAL_MEXICO,SOCIAL,2756.35
2025-05-19,COLOMBIA,ORGANIC_COLOMBIA,ORGANIC,2231.17
2025-05-19,COLOMBIA,PAID_SEARCH_COLOMBIA,PAID_SEARCH,553.81
2025-05-19,COLOMBIA,SOCIAL_COLOMBIA,SOCIAL,974.02
2025-05-19,ARGENTINA,ORGANIC_ARGENTINA,ORGANIC,1508.45
2025-05-19,ARGENTINA,PAID_SEARCH_ARGENTINA,PAID_SEARCH,2645.5
2025-05-19,ARGENTINA,SOCIAL_ARGENTINA,SOCIAL,2103.7
2025-05-20,MEXICO,ORGANIC_MEXICO,ORGANIC,2505.21
2025-05-20,MEXICO,PAID_SEARCH_MEXICO,PAID_SEARCH,2822.48
2025-05-20,MEXICO,SOCIAL_MEXICO,SOCIAL,2785.53
2025-05-20,COLOMBIA,ORGANIC_COLOMBIA,ORGANIC,2737.81
2025-05-20,COLOMBIA,PAID_SEARCH_COLOMBIA,PAID_SEARCH,2262.06
2025-05-20,COLOMBIA,SOCIAL_COLOMBIA,SOCIAL,2934.23
2025-05-20,ARGENTINA,ORGANIC_ARGENTINA,ORGANIC,2849.67
2025-05-20,ARGENTINA,PAID_SEARCH_ARGENTINA,PAID_SEARCH,1692.0
2025-05-20,ARGENTINA,SOCIAL_ARGENTINA,SOCIAL,2513.88
2025-05-21,MEXICO,ORGANIC_MEXICO,ORGANIC,2833.98
2025-05-21,MEXICO,PAID_SEARCH_MEXICO,PAID_SEARCH,1621.4
2025-05-21,MEXICO,SOCIAL_MEXICO,SOCIAL,2366.04
2025-05-21,COLOMBIA,ORGANIC_COLOMBIA,ORGANIC,872.31
2025-05-21,COLOMBIA,PAID_SEARCH_COLOMBIA,PAID_SEARCH,2826.54
2025-05-21,COLOMBIA,SOCIAL_COLOMBIA,SOCIAL,1030.9
2025-05-21,ARGENTINA,ORGANIC_ARGENTINA,ORGANIC,2192.94
2025-05-21,ARGENTINA,PAID_SEARCH_ARGENTINA,PAID_SEARCH,1247.04
2025-05-21,ARGENTINA,SOCIAL_ARGENTINA,SOCIAL,2490.14
2025-05-22,MEXICO,ORGANIC_MEXICO,ORGANIC,1672.35
2025-05-22,MEXICO,PAID_SEARCH_MEXICO,PAID_SEARCH,1100.08
2025-05-22,MEXICO,SOCIAL_MEXICO,SOCIAL,1029.89
2025-05-22,COLOMBIA,ORGANIC_COLOMBIA,ORGANIC,1720.72
2025-05-22,COLOMBIA,PAID_SEARCH_COLOMBIA,PAID_SEARCH,1336.49
2025-05-22,COLOMBIA,SOCIAL_COLOMBIA,SOCIAL,1603.92
2025-05-22,ARGENTINA,ORGANIC_ARGENTINA,ORGANIC,2557.54
2025-05-22,ARGENTINA,PAID_SEARCH_ARGENTINA,PAID_SEARCH,2968.64
2025-05-22,ARGENTINA,SOCIAL_ARGENTINA,SOCIAL,1678.44
2025-05-23,MEXICO,ORGANIC_MEXICO,ORGANIC,550.29
2025-05-23,MEXICO,PAID_SEARCH_MEXICO,PAID_SEARCH,1009.53
2025-05-23,MEXICO,SOCIAL_MEXICO,SOCIAL,1282.33
2025-05-23,COLOMBIA,ORGANIC_COLOMBIA,ORGANIC,2696.41
2025-05-23,COLOMBIA,PAID_SEARCH_COLOMBIA,PAID_SEARCH,1322.1
2025-05-23,COLOMBIA,SOCIAL_COLOMBIA,SOCIAL,678.08
2025-05-23,ARGENTINA,ORGANIC_ARGENTINA,ORGANIC,1732.6
2025-05-23,ARGENTINA,PAID_SEARCH_ARGENTINA,PAID_SEARCH,1618.97
2025-05-23,ARGENTINA,SOCIAL_ARGENTINA,SOCIAL,2098.07
2025-05-24,MEXICO,ORGANIC_MEXICO,ORGANIC,1797.3
2025-05-24,MEXICO,PAID_SEARCH_MEXICO,PAID_SEARCH,1545.07
2025-05-24,MEXICO,SOCIAL_MEXICO,SOCIAL,2735.86
2025-05-24,COLOMBIA,ORGANIC_COLOMBIA,ORGANIC,1695.92
2025-05-24,COLOMBIA,PAID_SEARCH_COLOMBIA,PAID_SEARCH,1887.03
2025-05-24,COLOMBIA,SOCIAL_COLOMBIA,SOCIAL,625.91
2025-05-24,ARGENTINA,ORGANIC_ARGENTINA,ORGANIC,1519.57
2025-05-24,ARGENTINA,PAID_SEARCH_ARGENTINA,PAID_SEARCH,2622.36
2025-05-24,ARGENTINA,SOCIAL_ARGENTINA,SOCIAL,2281.24
2025-05-25,MEXICO,ORGANIC_MEXICO,ORGANIC,2387.31
2025-05-25,MEXICO,PAID_SEARCH_MEXICO,PAID_SEARCH,1069.36
2025-05-25,MEXICO,SOCIAL_MEXICO,SOCIAL,799.66
2025-05-25,COLOMBIA,ORGANIC_COLOMBIA,ORGANIC,2647.84
2025-05-25,COLOMBIA,PAID_SEARCH_COLOMBIA,PAID_SEARCH,1784.58
2025-05-25,COLOMBIA,SOCIAL_COLOMBIA,SOCIAL,2853.59
2025-05-25,ARGENTINA,ORGANIC_ARGENTINA,ORGANIC,2834.03
2025-05-25,ARGENTINA,PAID_SEARCH_ARGENTINA,PAID_SEARCH,2488.85
2025-05-25,ARGENTINA,SOCIAL_ARGENTINA,SOCIAL,2240.36
2025-05-26,MEXICO,ORGANIC_MEXICO,ORGANIC,2653.76
2025-05-26,MEXICO,PAID_SEARCH_MEXICO,PAID_SEARCH,1351.59
2025-05-26,MEXICO,SOCIAL_MEXICO,SOCIAL,664.72
2025-05-26,COLOMBIA,ORGANIC_COLOMBIA,ORGANIC,2263.14
2025-05-26,COLOMBIA,PAID_SEARCH_COLOMBIA,PAID_SEARCH,1254.68
2025-05-26,COLOMBIA,SOCIAL_COLOMBIA,SOCIAL,2071.61
2025-05-26,ARGENTINA,ORGANIC_ARGENTINA,ORGANIC,2906.99
2025-05-26,ARGENTINA,PAID_SEARCH_ARGENTINA,PAID_SEARCH,1369.21
2025-05-26,ARGENTINA,SOCIAL_ARGENTINA,SOCIAL,2606.24
2025-05-27,MEXICO,ORGANIC_MEXICO,ORGANIC,1656.06
2025-05-27,MEXICO,PAID_SEARCH_MEXICO,PAID_SEARCH,1246.68
2025-05-27,MEXICO,SOCIAL_MEXICO,SOCIAL,1206.19
2025-05-27,COLOMBIA,ORGANIC_COLOMBIA,ORGANIC,2432.6
2025-05-27,COLOMBIA,PAID_SEARCH_COLOMBIA,PAID_SEARCH,582.61
2025-05-27,COLOMBIA,SOCIAL_COLOMBIA,SOCIAL,2443.26
2025-05-27,ARGENTINA,ORGANIC_ARGENTINA,ORGANIC,1926.89
2025-05-27,ARGENTINA,PAID_SEARCH_ARGENTINA,PAID_SEARCH,2790.81
2025-05-27,ARGENTINA,SOCIAL_ARGENTINA,SOCIAL,1724.43
2025-05-28,MEXICO,ORGANIC_MEXICO,ORGANIC,2995.5
2025-05-28,MEXICO,PAID_SEARCH_MEXICO,PAID_SEARCH,1088.51
2025-05-28,MEXICO,SOCIAL_MEXICO,SOCIAL,2325.29
2025-05-28,COLOMBIA,ORGANIC_COLOMBIA,ORGANIC,1734.94
2025-05-28,COLOMBIA,PAID_SEARCH_COLOMBIA,PAID_SEARCH,1077.24
2025-05-28,COLOMBIA,SOCIAL_COLOMBIA,SOCIAL,1405.51
2025-05-28,ARGENTINA,ORGANIC_ARGENTINA,ORGANIC,2205.17
2025-05-28,ARGENTINA,PAID_SEARCH_ARGENTINA,PAID_SEARCH,2309.76
2025-05-28,ARGENTINA,SOCIAL_ARGENTINA,SOCIAL,2271.87
2025-05-29,MEXICO,ORGANIC_MEXICO,ORGANIC,1810.75
2025-05-29,MEXICO,PAID_SEARCH_MEXICO,PAID_SEARCH,2825.93
2025-05-29,MEXICO,SOCIAL_MEXICO,SOCIAL,1697.25
2025-05-29,COLOMBIA,ORGANIC_COLOMBIA,ORGANIC,1045.21
2025-05-29,COLOMBIA,PAID_SEARCH_COLOMBIA,PAID_SEARCH,2516.14
2025-05-29,COLOMBIA,SOCIAL_COLOMBIA,SOCIAL,506.18
2025-05-29,ARGENTINA,ORGANIC_ARGENTINA,ORGANIC,2116.71
2025-05-29,ARGENTINA,PAID_SEARCH_ARGENTINA,PAID_SEARCH,2182.33
2025-05-29,ARGENTINA,SOCIAL_ARGENTINA,SOCIAL,2670.69
2025-05-30,MEXICO,ORGANIC_MEXICO,ORGANIC,692.97
2025-05-30,MEXICO,PAID_SEARCH_MEXICO,PAID_SEARCH,1358.02
2025-05-30,MEXICO,SOCIAL_MEXICO,SOCIAL,2506.24
2025-05-30,COLOMBIA,ORGANIC_COLOMBIA,ORGANIC,2334.39
2025-05-30,COLOMBIA,PAID_SEARCH_COLOMBIA,PAID_SEARCH,695.16
2025-05-30,COLOMBIA,SOCIAL_COLOMBIA,SOCIAL,2092.71
2025-05-30,ARGENTINA,ORGANIC_ARGENTINA,ORGANIC,1859.07
2025-05-30,ARGENTINA,PAID_SEARCH_ARGENTINA,PAID_SEARCH,592.18
2025-05-30,ARGENTINA,SOCIAL_ARGENTINA,SOCIAL,1191.06
2025-05-31,MEXICO,ORGANIC_MEXICO,ORGANIC,1942.38
2025-05-31,MEXICO,PAID_SEARCH_MEXICO,PAID_SEARCH,1467.8
2025-05-31,MEXICO,SOCIAL_MEXICO,SOCIAL,1531.98
2025-05-31,COLOMBIA,ORGANIC_COLOMBIA,ORGANIC,1797.42
2025-05-31,COLOMBIA,PAID_SEARCH_COLOMBIA,PAID_SEARCH,562.07
2025-05-31,COLOMBIA,SOCIAL_COLOMBIA,SOCIAL,2387.6
2025-05-31,ARGENTINA,ORGANIC_ARGENTINA,ORGANIC,2669.41
2025-05-31,ARGENTINA,PAID_SEARCH_ARGENTINA,PAID_SEARCH,1025.37
2025-05-31,ARGENTINA,SOCIAL_ARGENTINA,SOCIAL,1108.82
2025-06-01,MEXICO,ORGANIC_MEXICO,ORGANIC,1673.57
2025-06-01,MEXICO,PAID_SEARCH_MEXICO,PAID_SEARCH,637.16
2025-06-01,MEXICO,SOCIAL_MEXICO,SOCIAL,2422.35
2025-06-01,COLOMBIA,ORGANIC_COLOMBIA,ORGANIC,1548.67
2025-06-01,COLOMBIA,PAID_SEARCH_COLOMBIA,PAID_SEARCH,612.13
2025-06-01,COLOMBIA,SOCIAL_COLOMBIA,SOCIAL,1717.04
2025-06-01,ARGENTINA,ORGANIC_ARGENTINA,ORGANIC,2189.52
2025-06-01,ARGENTINA,PAID_SEARCH_ARGENTINA,PAID_SEARCH,2548.87
2025-06-01,ARGENTINA,SOCIAL_ARGENTINA,SOCIAL,993.65
2025-06-02,MEXICO,ORGANIC_MEXICO,ORGANIC,934.5
2025-06-02,MEXICO,PAID_SEARCH_MEXICO,PAID_SEARCH,2367.47
2025-06-02,MEXICO,SOCIAL_MEXICO,SOCIAL,1462.54
2025-06-02,COLOMBIA,ORGANIC_COLOMBIA,ORGANIC,2681.38
2025-06-02,COLOMBIA,PAID_SEARCH_COLOMBIA,PAID_SEARCH,1023.03
2025-06-02,COLOMBIA,SOCIAL_COLOMBIA,SOCIAL,1836.83
2025-06-02,ARGENTINA,ORGANIC_ARGENTINA,ORGANIC,2387.47
2025-06-02,ARGENTINA,PAID_SEARCH_ARGENTINA,PAID_SEARCH,1930.52
2025-06-02,ARGENTINA,SOCIAL_ARGENTINA,SOCIAL,1031.22
2025-06-03,MEXICO,ORGANIC_MEXICO,ORGANIC,1565.05
2025-06-03,MEXICO,PAID_SEARCH_MEXICO,PAID_SEARCH,2135.76
2025-06-03,MEXICO,SOCIAL_MEXICO,SOCIAL,2859.48
2025-06-03,COLOMBIA,ORGANIC_COLOMBIA,ORGANIC,2588.45
2025-06-03,COLOMBIA,PAID_SEARCH_COLOMBIA,PAID_SEARCH,712.35
2025-06-03,COLOMBIA,SOCIAL_COLOMBIA,SOCIAL,922.31
2025-06-03,ARGENTINA,ORGANIC_ARGENTINA,ORGANIC,2925.69
2025-06-03,ARGENTINA,PAID_SEARCH_ARGENTINA,PAID_SEARCH,958.07
2025-06-03,ARGENTINA,SOCIAL_ARGENTINA,SOCIAL,1508.93
2025-06-04,MEXICO,ORGANIC_MEXICO,ORGANIC,1536.77
2025-06-04,MEXICO,PAID_SEARCH_MEXICO,PAID_SEARCH,2973.71
2025-06-04,MEXICO,SOCIAL_MEXICO,SOCIAL,1561.77
2025-06-04,COLOMBIA,ORGANIC_COLOMBIA,ORGANIC,2483.33
2025-06-04,COLOMBIA,PAID_SEARCH_COLOMBIA,PAID_SEARCH,501.11
2025-06-04,COLOMBIA,SOCIAL_COLOMBIA,SOCIAL,2420.58
2025-06-04,ARGENTINA,ORGANIC_ARGENTINA,ORGANIC,1363.94
2025-06-04,ARGENTINA,PAID_SEARCH_ARGENTINA,PAID_SEARCH,2422.22
2025-06-04,ARGENTINA,SOCIAL_ARGENTINA,SOCIAL,2890.15
2025-06-05,MEXICO,ORGANIC_MEXICO,ORGANIC,2492.62
2025-06-05,MEXICO,PAID_SEARCH_MEXICO,PAID_SEARCH,2019.64
2025-06-05,MEXICO,SOCIAL_MEXICO,SOCIAL,2219.87
2025-06-05,COLOMBIA,ORGANIC_COLOMBIA,ORGANIC,2299.54
2025-06-05,COLOMBIA,PAID_SEARCH_COLOMBIA,PAID_SEARCH,597.26
2025-06-05,COLOMBIA,SOCIAL_COLOMBIA,SOCIAL,1469.55
2025-06-05,ARGENTINA,ORGANIC_ARGENTINA,ORGANIC,2236.3
2025-06-05,ARGENTINA,PAID_SEARCH_ARGENTINA,PAID_SEARCH,523.77
2025-06-05,ARGENTINA,SOCIAL_ARGENTINA,SOCIAL,2544.31
2025-06-06,MEXICO,ORGANIC_MEXICO,ORGANIC,1610.46
2025-06-06,MEXICO,PAID_SEARCH_MEXICO,PAID_SEARCH,2842.06
2025-06-06,MEXICO,SOCIAL_MEXICO,SOCIAL,1239.46
2025-06-06,COLOMBIA,ORGANIC_COLOMBIA,ORGANIC,2780.37
2025-06-06,COLOMBIA,PAID_SEARCH_COLOMBIA,PAID_SEARCH,1257.14
2025-06-06,COLOMBIA,SOCIAL_COLOMBIA,SOCIAL,2852.37
2025-06-06,ARGENTINA,ORGANIC_ARGENTINA,ORGANIC,2485.9
2025-06-06,ARGENTINA,PAID_SEARCH_ARGENTINA,PAID_SEARCH,1014.75
2025-06-06,ARGENTINA,SOCIAL_ARGENTINA,SOCIAL,2983.78
2025-06-07,MEXICO,ORGANIC_MEXICO,ORGANIC,2390.92
2025-06-07,MEXICO,PAID_SEARCH_MEXICO,PAID_SEARCH,2486.44
2025-06-07,MEXICO,SOCIAL_MEXICO,SOCIAL,1639.31
2025-06-07,COLOMBIA,ORGANIC_COLOMBIA,ORGANIC,2888.17
2025-06-07,COLOMBIA,PAID_SEARCH_COLOMBIA,PAID_SEARCH,1153.74
2025-06-07,COLOMBIA,SOCIAL_COLOMBIA,SOCIAL,1937.7
2025-06-07,ARGENTINA,ORGANIC_ARGENTINA,ORGANIC,1116.45
2025-06-07,ARGENTINA,PAID_SEARCH_ARGENTINA,PAID_SEARCH,2597.03
2025-06-07,ARGENTINA,SOCIAL_ARGENTINA,SOCIAL,2492.18
2025-06-08,MEXICO,ORGANIC_MEXICO,ORGANIC,1674.24
2025-06-08,MEXICO,PAID_SEARCH_MEXICO,PAID_SEARCH,1887.81
2025-06-08,MEXICO,SOCIAL_MEXICO,SOCIAL,2762.42
2025-06-08,COLOMBIA,ORGANIC_COLOMBIA,ORGANIC,2909.76
2025-06-08,COLOMBIA,PAID_SEARCH_COLOMBIA,PAID_SEARCH,502.16
2025-06-08,COLOMBIA,SOCIAL_COLOMBIA,SOCIAL,807.17
2025-06-08,ARGENTINA,ORGANIC_ARGENTINA,ORGANIC,1893.47
2025-06-08,ARGENTINA,PAID_SEARCH_ARGENTINA,PAID_SEARCH,2700.21
2025-06-08,ARGENTINA,SOCIAL_ARGENTINA,SOCIAL,2005.16
2025-06-09,MEXICO,ORGANIC_MEXICO,ORGANIC,1256.45
2025-06-09,MEXICO,PAID_SEARCH_MEXICO,PAID_SEARCH,2957.49
2025-06-09,MEXICO,SOCIAL_MEXICO,SOCIAL,1123.02
2025-06-09,COLOMBIA,ORGANIC_COLOMBIA,ORGANIC,1037.71
2025-06-09,COLOMBIA,PAID_SEARCH_COLOMBIA,PAID_SEARCH,1611.78
2025-06-09,COLOMBIA,SOCIAL_COLOMBIA,SOCIAL,2854.66
2025-06-09,ARGENTINA,ORGANIC_ARGENTINA,ORGANIC,762.88
2025-06-09,ARGENTINA,PAID_SEARCH_ARGENTINA,PAID_SEARCH,1101.96
2025-06-09,ARGENTINA,SOCIAL_ARGENTINA,SOCIAL,2775.27
2025-06-10,MEXICO,ORGANIC_MEXICO,ORGANIC,2752.72
2025-06-10,MEXICO,PAID_SEARCH_MEXICO,PAID_SEARCH,1688.89
2025-06-10,MEXICO,SOCIAL_MEXICO,SOCIAL,1272.65
2025-06-10,COLOMBIA,ORGANIC_COLOMBIA,ORGANIC,2227.03
2025-06-10,COLOMBIA,PAID_SEARCH_COLOMBIA,PAID_SEARCH,2773.81
2025-06-10,COLOMBIA,SOCIAL_COLOMBIA,SOCIAL,2018.03
2025-06-10,ARGENTINA,ORGANIC_ARGENTINA,ORGANIC,527.76
2025-06-10,ARGENTINA,PAID_SEARCH_ARGENTINA,PAID_SEARCH,684.98
2025-06-10,ARGENTINA,SOCIAL_ARGENTINA,SOCIAL,1927.11
2025-06-11,MEXICO,ORGANIC_MEXICO,ORGANIC,912.34
2025-06-11,MEXICO,PAID_SEARCH_MEXICO,PAID_SEARCH,524.14
2025-06-11,MEXICO,SOCIAL_MEXICO,SOCIAL,2277.27
2025-06-11,COLOMBIA,ORGANIC_COLOMBIA,ORGANIC,2112.63
2025-06-11,COLOMBIA,PAID_SEARCH_COLOMBIA,PAID_SEARCH,1298.34
2025-06-11,COLOMBIA,SOCIAL_COLOMBIA,SOCIAL,2049.25
2025-06-11,ARGENTINA,ORGANIC_ARGENTINA,ORGANIC,986.14
2025-06-11,ARGENTINA,PAID_SEARCH_ARGENTINA,PAID_SEARCH,1927.7
2025-06-11,ARGENTINA,SOCIAL_ARGENTINA,SOCIAL,2579.28
2025-06-12,MEXICO,ORGANIC_MEXICO,ORGANIC,2889.05
2025-06-12,MEXICO,PAID_SEARCH_MEXICO,PAID_SEARCH,1598.76
2025-06-12,MEXICO,SOCIAL_MEXICO,SOCIAL,1243.83
2025-06-12,COLOMBIA,ORGANIC_COLOMBIA,ORGANIC,1308.91
2025-06-12,COLOMBIA,PAID_SEARCH_COLOMBIA,PAID_SEARCH,1044.05
2025-06-12,COLOMBIA,SOCIAL_COLOMBIA,SOCIAL,1803.99
2025-06-12,ARGENTINA,ORGANIC_ARGENTINA,ORGANIC,1384.07
2025-06-12,ARGENTINA,PAID_SEARCH_ARGENTINA,PAID_SEARCH,2984.53
2025-06-12,ARGENTINA,SOCIAL_ARGENTINA,SOCIAL,2811.33
2025-06-13,MEXICO,ORGANIC_MEXICO,ORGANIC,2211.3
2025-06-13,MEXICO,PAID_SEARCH_MEXICO,PAID_SEARCH,1032.4
2025-06-13,MEXICO,SOCIAL_MEXICO,SOCIAL,1603.73
2025-06-13,COLOMBIA,ORGANIC_COLOMBIA,ORGANIC,543.52
2025-06-13,COLOMBIA,PAID_SEARCH_COLOMBIA,PAID_SEARCH,1228.95
2025-06-13,COLOMBIA,SOCIAL_COLOMBIA,SOCIAL,1898.16
2025-06-13,ARGENTINA,ORGANIC_ARGENTINA,ORGANIC,2306.18
2025-06-13,ARGENTINA,PAID_SEARCH_ARGENTINA,PAID_SEARCH,942.08
2025-06-13,ARGENTINA,SOCIAL_ARGENTINA,SOCIAL,2132.96
2025-06-14,MEXICO,ORGANIC_MEXICO,ORGANIC,1816.1
2025-06-14,MEXICO,PAID_SEARCH_MEXICO,PAID_SEARCH,820.87
2025-06-14,MEXICO,SOCIAL_MEXICO,SOCIAL,1961.57
2025-06-14,COLOMBIA,ORGANIC_COLOMBIA,ORGANIC,604.16
2025-06-14,COLOMBIA,PAID_SEARCH_COLOMBIA,PAID_SEARCH,2595.35
2025-06-14,COLOMBIA,SOCIAL_COLOMBIA,SOCIAL,1715.34
2025-06-14,ARGENTINA,ORGANIC_ARGENTINA,ORGANIC,2427.72
2025-06-14,ARGENTINA,PAID_SEARCH_ARGENTINA,PAID_SEARCH,518.16
2025-06-14,ARGENTINA,SOCIAL_ARGENTINA,SOCIAL,2533.02
2025-06-15,MEXICO,ORGANIC_MEXICO,ORGANIC,2553.92
2025-06-15,MEXICO,PAID_SEARCH_MEXICO,PAID_SEARCH,1021.85
2025-06-15,MEXICO,SOCIAL_MEXICO,SOCIAL,1814.57
2025-06-15,COLOMBIA,ORGANIC_COLOMBIA,ORGANIC,2891.53
2025-06-15,COLOMBIA,PAID_SEARCH_COLOMBIA,PAID_SEARCH,2538.57
2025-06-15,COLOMBIA,SOCIAL_COLOMBIA,SOCIAL,731.83
2025-06-15,ARGENTINA,ORGANIC_ARGENTINA,ORGANIC,1865.91
2025-06-15,ARGENTINA,PAID_SEARCH_ARGENTINA,PAID_SEARCH,2844.48
2025-06-15,ARGENTINA,SOCIAL_ARGENTINA,SOCIAL,2870.27
2025-06-16,MEXICO,ORGANIC_MEXICO,ORGANIC,2795.74
2025-06-16,MEXICO,PAID_SEARCH_MEXICO,PAID_SEARCH,2636.82
2025-06-16,MEXICO,SOCIAL_MEXICO,SOCIAL,1619.8
2025-06-16,COLOMBIA,ORGANIC_COLOMBIA,ORGANIC,1126.89
2025-06-16,COLOMBIA,PAID_SEARCH_COLOMBIA,PAID_SEARCH,2119.47
2025-06-16,COLOMBIA,SOCIAL_COLOMBIA,SOCIAL,1008.3
2025-06-16,ARGENTINA,ORGANIC_ARGENTINA,ORGANIC,732.09
2025-06-16,ARGENTINA,PAID_SEARCH_ARGENTINA,PAID_SEARCH,992.57
2025-06-16,ARGENTINA,SOCIAL_ARGENTINA,SOCIAL,2621.25
2025-06-17,MEXICO,ORGANIC_MEXICO,ORGANIC,1076.9
2025-06-17,MEXICO,PAID_SEARCH_MEXICO,PAID_SEARCH,2611.28
2025-06-17,MEXICO,SOCIAL_MEXICO,SOCIAL,559.38
2025-06-17,COLOMBIA,ORGANIC_COLOMBIA,ORGANIC,2806.85
2025-06-17,COLOMBIA,PAID_SEARCH_COLOMBIA,PAID_SEARCH,2593.84
2025-06-17,COLOMBIA,SOCIAL_COLOMBIA,SOCIAL,2328.96
2025-06-17,ARGENTINA,ORGANIC_ARGENTINA,ORGANIC,1307.51
2025-06-17,ARGENTINA,PAID_SEARCH_ARGENTINA,PAID_SEARCH,842.72
2025-06-17,ARGENTINA,SOCIAL_ARGENTINA,SOCIAL,841.3
2025-06-18,MEXICO,ORGANIC_MEXICO,ORGANIC,1378.56
2025-06-18,MEXICO,PAID_SEARCH_MEXICO,PAID_SEARCH,1116.95
2025-06-18,MEXICO,SOCIAL_MEXICO,SOCIAL,954.14
2025-06-18,COLOMBIA,ORGANIC_COLOMBIA,ORGANIC,814.26
2025-06-18,COLOMBIA,PAID_SEARCH_COLOMBIA,PAID_SEARCH,2220.44
2025-06-18,COLOMBIA,SOCIAL_COLOMBIA,SOCIAL,802.92
2025-06-18,ARGENTINA,ORGANIC_ARGENTINA,ORGANIC,2457.2
2025-06-18,ARGENTINA,PAID_SEARCH_ARGENTINA,PAID_SEARCH,2445.88
2025-06-18,ARGENTINA,SOCIAL_ARGENTINA,SOCIAL,2330.78
2025-06-19,MEXICO,ORGANIC_MEXICO,ORGANIC,1956.53
2025-06-19,MEXICO,PAID_SEARCH_MEXICO,PAID_SEARCH,749.69
2025-06-19,MEXICO,SOCIAL_MEXICO,SOCIAL,1757.67
2025-06-19,COLOMBIA,ORGANIC_COLOMBIA,ORGANIC,863.35
2025-06-19,COLOMBIA,PAID_SEARCH_COLOMBIA,PAID_SEARCH,1876.5
2025-06-19,COLOMBIA,SOCIAL_COLOMBIA,SOCIAL,832.89
2025-06-19,ARGENTINA,ORGANIC_ARGENTINA,ORGANIC,936.72
2025-06-19,ARGENTINA,PAID_SEARCH_ARGENTINA,PAID_SEARCH,1731.35
2025-06-19,ARGENTINA,SOCIAL_ARGENTINA,SOCIAL,785.3
2025-06-20,MEXICO,ORGANIC_MEXICO,ORGANIC,1653.3
2025-06-20,MEXICO,PAID_SEARCH_MEXICO,PAID_SEARCH,664.77
2025-06-20,MEXICO,SOCIAL_MEXICO,SOCIAL,2609.28
2025-06-20,COLOMBIA,ORGANIC_COLOMBIA,ORGANIC,1980.55
2025-06-20,COLOMBIA,PAID_SEARCH_COLOMBIA,PAID_SEARCH,2529.79
2025-06-20,COLOMBIA,SOCIAL_COLOMBIA,SOCIAL,691.0
2025-06-20,ARGENTINA,ORGANIC_ARGENTINA,ORGANIC,1517.75
2025-06-20,ARGENTINA,PAID_SEARCH_ARGENTINA,PAID_SEARCH,2499.17
2025-06-20,ARGENTINA,SOCIAL_ARGENTINA,SOCIAL,1106.19
2025-06-21,MEXICO,ORGANIC_MEXICO,ORGANIC,1279.96
2025-06-21,MEXICO,PAID_SEARCH_MEXICO,PAID_SEARCH,2906.57
2025-06-21,MEXICO,SOCIAL_MEXICO,SOCIAL,1648.41
2025-06-21,COLOMBIA,ORGANIC_COLOMBIA,ORGANIC,644.86
2025-06-21,COLOMBIA,PAID_SEARCH_COLOMBIA,PAID_SEARCH,2932.41
2025-06-21,COLOMBIA,SOCIAL_COLOMBIA,SOCIAL,501.2
2025-06-21,ARGENTINA,ORGANIC_ARGENTINA,ORGANIC,2446.27
2025-06-21,ARGENTINA,PAID_SEARCH_ARGENTINA,PAID_SEARCH,2395.77
2025-06-21,ARGENTINA,SOCIAL_ARGENTINA,SOCIAL,1958.27
2025-06-22,MEXICO,ORGANIC_MEXICO,ORGANIC,2326.95
2025-06-22,MEXICO,PAID_SEARCH_MEXICO,PAID_SEARCH,645.63
2025-06-22,MEXICO,SOCIAL_MEXICO,SOCIAL,2318.65
2025-06-22,COLOMBIA,ORGANIC_COLOMBIA,ORGANIC,2624.19
2025-06-22,COLOMBIA,PAID_SEARCH_COLOMBIA,PAID_SEARCH,2886.89
2025-06-22,COLOMBIA,SOCIAL_COLOMBIA,SOCIAL,2249.27
2025-06-22,ARGENTINA,ORGANIC_ARGENTINA,ORGANIC,1051.75
2025-06-22,ARGENTINA,PAID_SEARCH_ARGENTINA,PAID_SEARCH,1208.51
2025-06-22,ARGENTINA,SOCIAL_ARGENTINA,SOCIAL,2971.94
2025-06-23,MEXICO,ORGANIC_MEXICO,ORGANIC,1971.96
2025-06-23,MEXICO,PAID_SEARCH_MEXICO,PAID_SEARCH,1971.58
2025-06-23,MEXICO,SOCIAL_MEXICO,SOCIAL,2203.73
2025-06-23,COLOMBIA,ORGANIC_COLOMBIA,ORGANIC,2112.28
2025-06-23,COLOMBIA,PAID_SEARCH_COLOMBIA,PAID_SEARCH,1505.72
2025-06-23,COLOMBIA,SOCIAL_COLOMBIA,SOCIAL,2059.52
2025-06-23,ARGENTINA,ORGANIC_ARGENTINA,ORGANIC,2223.45
2025-06-23,ARGENTINA,PAID_SEARCH_ARGENTINA,PAID_SEARCH,1762.47
2025-06-23,ARGENTINA,SOCIAL_ARGENTINA,SOCIAL,1278.59
2025-06-24,MEXICO,ORGANIC_MEXICO,ORGANIC,613.19
2025-06-24,MEXICO,PAID_SEARCH_MEXICO,PAID_SEARCH,753.98
2025-06-24,MEXICO,SOCIAL_MEXICO,SOCIAL,1732.11
2025-06-24,COLOMBIA,ORGANIC_COLOMBIA,ORGANIC,2177.79
2025-06-24,COLOMBIA,PAID_SEARCH_COLOMBIA,PAID_SEARCH,2921.33
2025-06-24,COLOMBIA,SOCIAL_COLOMBIA,SOCIAL,2656.93
2025-06-24,ARGENTINA,ORGANIC_ARGENTINA,ORGANIC,874.55
2025-06-24,ARGENTINA,PAID_SEARCH_ARGENTINA,PAID_SEARCH,1275.32
2025-06-24,ARGENTINA,SOCIAL_ARGENTINA,SOCIAL,1307.17
2025-06-25,MEXICO,ORGANIC_MEXICO,ORGANIC,2716.71
2025-06-25,MEXICO,PAID_SEARCH_MEXICO,PAID_SEARCH,1350.21
2025-06-25,MEXICO,SOCIAL_MEXICO,SOCIAL,1153.8
2025-06-25,COLOMBIA,ORGANIC_COLOMBIA,ORGANIC,971.62
2025-06-25,COLOMBIA,PAID_SEARCH_COLOMBIA,PAID_SEARCH,1223.97
2025-06-25,COLOMBIA,SOCIAL_COLOMBIA,SOCIAL,972.8
2025-06-25,ARGENTINA,ORGANIC_ARGENTINA,ORGANIC,2107.53
2025-06-25,ARGENTINA,PAID_SEARCH_ARGENTINA,PAID_SEARCH,1993.72
2025-06-25,ARGENTINA,SOCIAL_ARGENTINA,SOCIAL,1721.23
2025-06-26,MEXICO,ORGANIC_MEXICO,ORGANIC,2477.24
2025-06-26,MEXICO,PAID_SEARCH_MEXICO,PAID_SEARCH,2638.78
2025-06-26,MEXICO,SOCIAL_MEXICO,SOCIAL,2981.76
2025-06-26,COLOMBIA,ORGANIC_COLOMBIA,ORGANIC,1966.94
2025-06-26,COLOMBIA,PAID_SEARCH_COLOMBIA,PAID_SEARCH,1824.4
2025-06-26,COLOMBIA,SOCIAL_COLOMBIA,SOCIAL,1999.51
2025-06-26,ARGENTINA,ORGANIC_ARGENTINA,ORGANIC,1340.69
2025-06-26,ARGENTINA,PAID_SEARCH_ARGENTINA,PAID_SEARCH,1142.12
2025-06-26,ARGENTINA,SOCIAL_ARGENTINA,SOCIAL,2637.71
2025-06-27,MEXICO,ORGANIC_MEXICO,ORGANIC,2044.12
2025-06-27,MEXICO,PAID_SEARCH_MEXICO,PAID_SEARCH,2136.52
2025-06-27,MEXICO,SOCIAL_MEXICO,SOCIAL,2063.86
2025-06-27,COLOMBIA,ORGANIC_COLOMBIA,ORGANIC,604.2
2025-06-27,COLOMBIA,PAID_SEARCH_COLOMBIA,PAID_SEARCH,543.84
2025-06-27,COLOMBIA,SOCIAL_COLOMBIA,SOCIAL,1466.38
2025-06-27,ARGENTINA,ORGANIC_ARGENTINA,ORGANIC,1624.72
2025-06-27,ARGENTINA,PAID_SEARCH_ARGENTINA,PAID_SEARCH,1935.25
2025-06-27,ARGENTINA,SOCIAL_ARGENTINA,SOCIAL,2028.72
2025-06-28,MEXICO,ORGANIC_MEXICO,ORGANIC,2913.17
2025-06-28,MEXICO,PAID_SEARCH_MEXICO,PAID_SEARCH,2927.68
2025-06-28,MEXICO,SOCIAL_MEXICO,SOCIAL,1489.55
2025-06-28,COLOMBIA,ORGANIC_COLOMBIA,ORGANIC,1609.7
2025-06-28,COLOMBIA,PAID_SEARCH_COLOMBIA,PAID_SEARCH,784.54
2025-06-28,COLOMBIA,SOCIAL_COLOMBIA,SOCIAL,1680.95
2025-06-28,ARGENTINA,ORGANIC_ARGENTINA,ORGANIC,1510.53
2025-06-28,ARGENTINA,PAID_SEARCH_ARGENTINA,PAID_SEARCH,2740.81
2025-06-28,ARGENTINA,SOCIAL_ARGENTINA,SOCIAL,861.63
2025-06-29,MEXICO,ORGANIC_MEXICO,ORGANIC,1606.43
2025-06-29,MEXICO,PAID_SEARCH_MEXICO,PAID_SEARCH,2064.42
2025-06-29,MEXICO,SOCIAL_MEXICO,SOCIAL,1619.55
2025-06-29,COLOMBIA,ORGANIC_COLOMBIA,ORGANIC,2285.99
2025-06-29,COLOMBIA,PAID_SEARCH_COLOMBIA,PAID_SEARCH,550.5
2025-06-29,COLOMBIA,SOCIAL_COLOMBIA,SOCIAL,999.15
2025-06-29,ARGENTINA,ORGANIC_ARGENTINA,ORGANIC,1267.14
2025-06-29,ARGENTINA,PAID_SEARCH_ARGENTINA,PAID_SEARCH,2719.41
2025-06-29,ARGENTINA,SOCIAL_ARGENTINA,SOCIAL,621.01
